scenario,regimen,distribution_id,base_joint_cfr_pct,scenario_joint_cfr_pct,delta_joint_cfr_pp,base_toxicity_pct,scenario_toxicity_pct
BASE,R1,LEE2022_KPC_KP,73.50026385224272,73.50026385224272,0.0,9.28,9.28
BASE,R1,LEE2022_OXA_KP,73.64296610169494,73.64296610169494,0.0,9.28,9.28
BASE,R1,INDIA2022_OXA48_KP,72.1160661764706,72.1160661764706,0.0,9.28,9.28
BASE,R1,FR2024_OXA484_SERINE_ONLY,74.78941666666668,74.78941666666668,0.0,9.28,9.28
BASE,R8,LEE2022_KPC_KP,88.60091029023748,88.60091029023748,0.0,9.16,9.16
BASE,R8,LEE2022_OXA_KP,88.12885593220338,88.12885593220338,0.0,9.16,9.16
BASE,R8,INDIA2022_OXA48_KP,86.13003676470588,86.13003676470588,0.0,9.16,9.16
BASE,R8,FR2024_OXA484_SERINE_ONLY,89.37675,89.37675,0.0,9.16,9.16
BASE,R10,LEE2022_KPC_KP,87.69290237467017,87.69290237467017,0.0,10.71,10.71
BASE,R10,LEE2022_OXA_KP,87.17175847457628,87.17175847457628,0.0,10.71,10.71
BASE,R10,INDIA2022_OXA48_KP,85.18297794117646,85.18297794117646,0.0,10.71,10.71
BASE,R10,FR2024_OXA484_SERINE_ONLY,88.38483333333332,88.38483333333332,0.0,10.71,10.71
BASE,R12,LEE2022_KPC_KP,87.77224274406333,87.77224274406333,0.0,12.19,12.19
BASE,R12,LEE2022_OXA_KP,87.21313559322033,87.21313559322033,0.0,12.19,12.19
BASE,R12,INDIA2022_OXA48_KP,85.21536764705881,85.21536764705881,0.0,12.19,12.19
BASE,R12,FR2024_OXA484_SERINE_ONLY,88.40883333333332,88.40883333333332,0.0,12.19,12.19
BASE,R13,LEE2022_KPC_KP,80.51998680738788,80.51998680738788,0.0,7.21,7.21
BASE,R13,LEE2022_OXA_KP,80.0549152542373,80.0549152542373,0.0,7.21,7.21
BASE,R13,INDIA2022_OXA48_KP,78.22698529411764,78.22698529411764,0.0,7.21,7.21
BASE,R13,FR2024_OXA484_SERINE_ONLY,81.18308333333333,81.18308333333333,0.0,7.21,7.21
CAZ_CL_LOW,R1,LEE2022_KPC_KP,73.50026385224272,74.08978891820581,0.5895250659630875,9.28,12.534999999999998
CAZ_CL_LOW,R1,LEE2022_OXA_KP,73.64296610169494,73.84300847457628,0.20004237288134163,9.28,12.534999999999998
CAZ_CL_LOW,R1,INDIA2022_OXA48_KP,72.1160661764706,72.28683823529413,0.17077205882353041,9.28,12.534999999999998
CAZ_CL_LOW,R1,FR2024_OXA484_SERINE_ONLY,74.78941666666668,74.88300000000001,0.0935833333333278,9.28,12.534999999999998
CAZ_CL_LOW,R8,LEE2022_KPC_KP,88.60091029023748,88.84374670184697,0.24283641160948832,9.16,17.044999999999998
CAZ_CL_LOW,R8,LEE2022_OXA_KP,88.12885593220338,88.22021186440676,0.09135593220338478,9.16,17.044999999999998
CAZ_CL_LOW,R8,INDIA2022_OXA48_KP,86.13003676470588,86.20231617647059,0.0722794117647112,9.16,17.044999999999998
CAZ_CL_LOW,R8,FR2024_OXA484_SERINE_ONLY,89.37675,89.39366666666668,0.01691666666667402,9.16,17.044999999999998
CAZ_CL_LOW,R10,LEE2022_KPC_KP,87.69290237467017,87.89621372031662,0.2033113456464548,10.71,18.945
CAZ_CL_LOW,R10,LEE2022_OXA_KP,87.17175847457628,87.25353813559323,0.08177966101695233,10.71,18.945
CAZ_CL_LOW,R10,INDIA2022_OXA48_KP,85.18297794117646,85.25643382352942,0.07345588235295963,10.71,18.945
CAZ_CL_LOW,R10,FR2024_OXA484_SERINE_ONLY,88.38483333333332,88.39391666666666,0.00908333333333644,10.71,18.945
CAZ_CL_LOW,R12,LEE2022_KPC_KP,87.77224274406333,87.95514511873351,0.1829023746701779,12.19,21.2
CAZ_CL_LOW,R12,LEE2022_OXA_KP,87.21313559322033,87.29006355932202,0.07692796610169239,12.19,21.2
CAZ_CL_LOW,R12,INDIA2022_OXA48_KP,85.21536764705881,85.29249999999999,0.07713235294117737,12.19,21.2
CAZ_CL_LOW,R12,FR2024_OXA484_SERINE_ONLY,88.40883333333332,88.41491666666666,0.006083333333336327,12.19,21.2
CAZ_CL_LOW,R13,LEE2022_KPC_KP,80.51998680738788,80.71415567282322,0.19416886543534417,7.21,13.465
CAZ_CL_LOW,R13,LEE2022_OXA_KP,80.0549152542373,80.1292372881356,0.07432203389829795,7.21,13.465
CAZ_CL_LOW,R13,INDIA2022_OXA48_KP,78.22698529411764,78.27386029411764,0.046875,7.21,13.465
CAZ_CL_LOW,R13,FR2024_OXA484_SERINE_ONLY,81.18308333333333,81.18958333333333,0.006500000000002615,7.21,13.465
CAZ_CL_HIGH,R1,LEE2022_KPC_KP,73.50026385224272,72.71420844327176,-0.7860554089709666,9.28,7.06
CAZ_CL_HIGH,R1,LEE2022_OXA_KP,73.64296610169494,73.37866525423729,-0.2643008474576476,9.28,7.06
CAZ_CL_HIGH,R1,INDIA2022_OXA48_KP,72.1160661764706,71.90360294117647,-0.21246323529412336,9.28,7.06
CAZ_CL_HIGH,R1,FR2024_OXA484_SERINE_ONLY,74.78941666666668,74.641,-0.14841666666667663,9.28,7.06
CAZ_CL_HIGH,R8,LEE2022_KPC_KP,88.60091029023748,88.21174142480211,-0.3891688654353658,9.16,5.27
CAZ_CL_HIGH,R8,LEE2022_OXA_KP,88.12885593220338,87.99985169491524,-0.12900423728814303,9.16,5.27
CAZ_CL_HIGH,R8,INDIA2022_OXA48_KP,86.13003676470588,86.0428676470588,-0.08716911764707902,9.16,5.27
CAZ_CL_HIGH,R8,FR2024_OXA484_SERINE_ONLY,89.37675,89.32725,-0.04949999999999477,9.16,5.27
CAZ_CL_HIGH,R10,LEE2022_KPC_KP,87.69290237467017,87.39857519788919,-0.29432717678098186,10.71,6.335
CAZ_CL_HIGH,R10,LEE2022_OXA_KP,87.17175847457628,87.0701059322034,-0.10165254237287513,10.71,6.335
CAZ_CL_HIGH,R10,INDIA2022_OXA48_KP,85.18297794117646,85.11588235294116,-0.06709558823530415,10.71,6.335
CAZ_CL_HIGH,R10,FR2024_OXA484_SERINE_ONLY,88.38483333333332,88.35416666666666,-0.030666666666661513,10.71,6.335
CAZ_CL_HIGH,R12,LEE2022_KPC_KP,87.77224274406333,87.51618733509235,-0.25605540897097967,12.19,7.124999999999999
CAZ_CL_HIGH,R12,LEE2022_OXA_KP,87.21313559322033,87.12243644067794,-0.09069915254238481,12.19,7.124999999999999
CAZ_CL_HIGH,R12,INDIA2022_OXA48_KP,85.21536764705881,85.15345588235293,-0.06191176470588289,12.19,7.124999999999999
CAZ_CL_HIGH,R12,FR2024_OXA484_SERINE_ONLY,88.40883333333332,88.38524999999998,-0.023583333333334622,12.19,7.124999999999999
CAZ_CL_HIGH,R13,LEE2022_KPC_KP,80.51998680738788,80.24643799472295,-0.27354881266492725,7.21,3.925
CAZ_CL_HIGH,R13,LEE2022_OXA_KP,80.0549152542373,79.96078389830508,-0.09413135593221966,7.21,3.925
CAZ_CL_HIGH,R13,INDIA2022_OXA48_KP,78.22698529411764,78.17536764705882,-0.051617647058819216,7.21,3.925
CAZ_CL_HIGH,R13,FR2024_OXA484_SERINE_ONLY,81.18308333333333,81.15666666666667,-0.026416666666662536,7.21,3.925
AVI_CL_LOW,R1,LEE2022_KPC_KP,73.50026385224272,80.38845646437994,6.8881926121372175,9.28,9.28
AVI_CL_LOW,R1,LEE2022_OXA_KP,73.64296610169494,80.89631355932205,7.253347457627115,9.28,9.28
AVI_CL_LOW,R1,INDIA2022_OXA48_KP,72.1160661764706,79.25261029411764,7.136544117647048,9.28,9.28
AVI_CL_LOW,R1,FR2024_OXA484_SERINE_ONLY,74.78941666666668,82.23283333333333,7.44341666666665,9.28,9.28
AVI_CL_LOW,R8,LEE2022_KPC_KP,88.60091029023748,93.0592612137203,4.458350923482826,9.16,9.16
AVI_CL_LOW,R8,LEE2022_OXA_KP,88.12885593220338,92.69542372881354,4.566567796610158,9.16,9.16
AVI_CL_LOW,R8,INDIA2022_OXA48_KP,86.13003676470588,90.6099632352941,4.479926470588225,9.16,9.16
AVI_CL_LOW,R8,FR2024_OXA484_SERINE_ONLY,89.37675,94.03966666666666,4.662916666666661,9.16,9.16
AVI_CL_LOW,R10,LEE2022_KPC_KP,87.69290237467017,92.65907651715038,4.966174142480213,10.71,10.71
AVI_CL_LOW,R10,LEE2022_OXA_KP,87.17175847457628,92.21055084745761,5.038792372881332,10.71,10.71
AVI_CL_LOW,R10,INDIA2022_OXA48_KP,85.18297794117646,90.1239338235294,4.940955882352938,10.71,10.71
AVI_CL_LOW,R10,FR2024_OXA484_SERINE_ONLY,88.38483333333332,93.52266666666665,5.137833333333333,10.71,10.71
AVI_CL_LOW,R12,LEE2022_KPC_KP,87.77224274406333,92.8442875989446,5.07204485488127,12.19,12.19
AVI_CL_LOW,R12,LEE2022_OXA_KP,87.21313559322033,92.32849576271187,5.115360169491538,12.19,12.19
AVI_CL_LOW,R12,INDIA2022_OXA48_KP,85.21536764705881,90.22974264705884,5.01437500000003,12.19,12.19
AVI_CL_LOW,R12,FR2024_OXA484_SERINE_ONLY,88.40883333333332,93.61983333333332,5.2109999999999985,12.19,12.19
AVI_CL_LOW,R13,LEE2022_KPC_KP,80.51998680738788,87.68676781002638,7.166781002638501,7.21,7.21
AVI_CL_LOW,R13,LEE2022_OXA_KP,80.0549152542373,87.2877754237288,7.232860169491502,7.21,7.21
AVI_CL_LOW,R13,INDIA2022_OXA48_KP,78.22698529411764,85.3172794117647,7.090294117647062,7.21,7.21
AVI_CL_LOW,R13,FR2024_OXA484_SERINE_ONLY,81.18308333333333,88.55191666666667,7.368833333333342,7.21,7.21
AVI_CL_HIGH,R1,LEE2022_KPC_KP,73.50026385224272,67.0231266490765,-6.477137203166222,9.28,9.28
AVI_CL_HIGH,R1,LEE2022_OXA_KP,73.64296610169494,66.93783898305087,-6.7051271186440715,9.28,9.28
AVI_CL_HIGH,R1,INDIA2022_OXA48_KP,72.1160661764706,65.53422794117648,-6.581838235294114,9.28,9.28
AVI_CL_HIGH,R1,FR2024_OXA484_SERINE_ONLY,74.78941666666668,67.93166666666667,-6.85775000000001,9.28,9.28
AVI_CL_HIGH,R8,LEE2022_KPC_KP,88.60091029023748,83.40009234828496,-5.200817941952522,9.16,9.16
AVI_CL_HIGH,R8,LEE2022_OXA_KP,88.12885593220338,82.88885593220341,-5.2399999999999665,9.16,9.16
AVI_CL_HIGH,R8,INDIA2022_OXA48_KP,86.13003676470588,80.99382352941176,-5.136213235294122,9.16,9.16
AVI_CL_HIGH,R8,FR2024_OXA484_SERINE_ONLY,89.37675,84.03966666666668,-5.337083333333325,9.16,9.16
AVI_CL_HIGH,R10,LEE2022_KPC_KP,87.69290237467017,81.9727704485488,-5.720131926121368,10.71,10.71
AVI_CL_HIGH,R10,LEE2022_OXA_KP,87.17175847457628,81.4319279661017,-5.739830508474583,10.71,10.71
AVI_CL_HIGH,R10,INDIA2022_OXA48_KP,85.18297794117646,79.5583088235294,-5.624669117647059,10.71,10.71
AVI_CL_HIGH,R10,FR2024_OXA484_SERINE_ONLY,88.38483333333332,82.54258333333334,-5.842249999999979,10.71,10.71
AVI_CL_HIGH,R12,LEE2022_KPC_KP,87.77224274406333,81.74668865435356,-6.025554089709772,12.19,12.19
AVI_CL_HIGH,R12,LEE2022_OXA_KP,87.21313559322033,81.17855932203389,-6.034576271186438,12.19,12.19
AVI_CL_HIGH,R12,INDIA2022_OXA48_KP,85.21536764705881,79.303125,-5.912242647058818,12.19,12.19
AVI_CL_HIGH,R12,FR2024_OXA484_SERINE_ONLY,88.40883333333332,82.26899999999999,-6.139833333333328,12.19,12.19
AVI_CL_HIGH,R13,LEE2022_KPC_KP,80.51998680738788,72.36460422163589,-8.155382585751994,7.21,7.21
AVI_CL_HIGH,R13,LEE2022_OXA_KP,80.0549152542373,71.89209745762712,-8.162817796610184,7.21,7.21
AVI_CL_HIGH,R13,INDIA2022_OXA48_KP,78.22698529411764,70.23011029411764,-7.996875000000003,7.21,7.21
AVI_CL_HIGH,R13,FR2024_OXA484_SERINE_ONLY,81.18308333333333,72.87883333333333,-8.304249999999996,7.21,7.21
IIV_LOW,R1,LEE2022_KPC_KP,73.50026385224272,75.57075197889182,2.0704881266490958,9.28,7.93
IIV_LOW,R1,LEE2022_OXA_KP,73.64296610169494,75.72497881355933,2.082012711864394,9.28,7.93
IIV_LOW,R1,INDIA2022_OXA48_KP,72.1160661764706,74.15591911764704,2.0398529411764486,9.28,7.93
IIV_LOW,R1,FR2024_OXA484_SERINE_ONLY,74.78941666666668,76.92158333333333,2.132166666666649,9.28,7.93
IIV_LOW,R8,LEE2022_KPC_KP,88.60091029023748,92.973654353562,4.372744063324518,9.16,5.01
IIV_LOW,R8,LEE2022_OXA_KP,88.12885593220338,92.4583686440678,4.3295127118644245,9.16,5.01
IIV_LOW,R8,INDIA2022_OXA48_KP,86.13003676470588,90.33772058823529,4.207683823529408,9.16,5.01
IIV_LOW,R8,FR2024_OXA484_SERINE_ONLY,89.37675,93.77425000000001,4.397500000000008,9.16,5.01
IIV_LOW,R10,LEE2022_KPC_KP,87.69290237467017,92.44364116094987,4.7507387862796975,10.71,6.13
IIV_LOW,R10,LEE2022_OXA_KP,87.17175847457628,91.87521186440678,4.7034533898305,10.71,6.13
IIV_LOW,R10,INDIA2022_OXA48_KP,85.18297794117646,89.7513970588235,4.568419117647039,10.71,6.13
IIV_LOW,R10,FR2024_OXA484_SERINE_ONLY,88.38483333333332,93.16174999999998,4.776916666666665,10.71,6.13
IIV_LOW,R12,LEE2022_KPC_KP,87.77224274406333,92.62401055408971,4.851767810026374,12.19,7.085
IIV_LOW,R12,LEE2022_OXA_KP,87.21313559322033,92.01813559322034,4.805000000000007,12.19,7.085
IIV_LOW,R12,INDIA2022_OXA48_KP,85.21536764705881,89.8787132352941,4.663345588235288,12.19,7.085
IIV_LOW,R12,FR2024_OXA484_SERINE_ONLY,88.40883333333332,93.28891666666667,4.880083333333346,12.19,7.085
IIV_LOW,R13,LEE2022_KPC_KP,80.51998680738788,85.5790105540897,5.0590237467018255,7.21,3.34
IIV_LOW,R13,LEE2022_OXA_KP,80.0549152542373,85.08671610169492,5.0318008474576175,7.21,3.34
IIV_LOW,R13,INDIA2022_OXA48_KP,78.22698529411764,83.13198529411764,4.905000000000001,7.21,3.34
IIV_LOW,R13,FR2024_OXA484_SERINE_ONLY,81.18308333333333,86.29816666666666,5.115083333333331,7.21,3.34
IIV_HIGH,R1,LEE2022_KPC_KP,73.50026385224272,71.70170184696569,-1.7985620052770344,9.28,10.73
IIV_HIGH,R1,LEE2022_OXA_KP,73.64296610169494,71.8401906779661,-1.802775423728832,9.28,10.73
IIV_HIGH,R1,INDIA2022_OXA48_KP,72.1160661764706,70.3643382352941,-1.7517279411764974,9.28,10.73
IIV_HIGH,R1,FR2024_OXA484_SERINE_ONLY,74.78941666666668,72.94441666666667,-1.845000000000013,9.28,10.73
IIV_HIGH,R8,LEE2022_KPC_KP,88.60091029023748,84.74833773087073,-3.852572559366749,9.16,13.555
IIV_HIGH,R8,LEE2022_OXA_KP,88.12885593220338,84.33052966101695,-3.7983262711864256,9.16,13.555
IIV_HIGH,R8,INDIA2022_OXA48_KP,86.13003676470588,82.45044117647059,-3.679595588235287,9.16,13.555
IIV_HIGH,R8,FR2024_OXA484_SERINE_ONLY,89.37675,85.51183333333334,-3.864916666666659,9.16,13.555
IIV_HIGH,R10,LEE2022_KPC_KP,87.69290237467017,83.59108179419526,-4.101820580474907,10.71,15.055
IIV_HIGH,R10,LEE2022_OXA_KP,87.17175847457628,83.11188559322034,-4.059872881355943,10.71,15.055
IIV_HIGH,R10,INDIA2022_OXA48_KP,85.18297794117646,81.25470588235295,-3.9282720588235094,10.71,15.055
IIV_HIGH,R10,FR2024_OXA484_SERINE_ONLY,88.38483333333332,84.24999999999999,-4.134833333333333,10.71,15.055
IIV_HIGH,R12,LEE2022_KPC_KP,87.77224274406333,83.45064643799472,-4.321596306068614,12.19,16.675
IIV_HIGH,R12,LEE2022_OXA_KP,87.21313559322033,82.94080508474575,-4.272330508474582,12.19,16.675
IIV_HIGH,R12,INDIA2022_OXA48_KP,85.21536764705881,81.08363970588235,-4.1317279411764645,12.19,16.675
IIV_HIGH,R12,FR2024_OXA484_SERINE_ONLY,88.40883333333332,84.05825,-4.350583333333319,12.19,16.675
IIV_HIGH,R13,LEE2022_KPC_KP,80.51998680738788,76.21761213720316,-4.302374670184719,7.21,11.07
IIV_HIGH,R13,LEE2022_OXA_KP,80.0549152542373,75.78224576271187,-4.272669491525434,7.21,11.07
IIV_HIGH,R13,INDIA2022_OXA48_KP,78.22698529411764,74.0747794117647,-4.152205882352945,7.21,11.07
IIV_HIGH,R13,FR2024_OXA484_SERINE_ONLY,81.18308333333333,76.83341666666665,-4.349666666666678,7.21,11.07
RHO_050,R1,LEE2022_KPC_KP,73.50026385224272,72.14548812664908,-1.3547757255936403,9.28,9.28
RHO_050,R1,LEE2022_OXA_KP,73.64296610169494,72.78023305084747,-0.8627330508474671,9.28,9.28
RHO_050,R1,INDIA2022_OXA48_KP,72.1160661764706,71.48647058823529,-0.6295955882353041,9.28,9.28
RHO_050,R1,FR2024_OXA484_SERINE_ONLY,74.78941666666668,74.14541666666666,-0.6440000000000197,9.28,9.28
RHO_050,R8,LEE2022_KPC_KP,88.60091029023748,88.27774406332453,-0.32316622691294583,9.16,9.16
RHO_050,R8,LEE2022_OXA_KP,88.12885593220338,88.06120762711866,-0.06764830508471675,9.16,9.16
RHO_050,R8,INDIA2022_OXA48_KP,86.13003676470588,86.10610294117646,-0.02393382352941842,9.16,9.16
RHO_050,R8,FR2024_OXA484_SERINE_ONLY,89.37675,89.37,-0.006749999999996703,9.16,9.16
RHO_050,R10,LEE2022_KPC_KP,87.69290237467017,87.61204485488126,-0.08085751978890698,10.71,10.71
RHO_050,R10,LEE2022_OXA_KP,87.17175847457628,87.32237288135595,0.15061440677966687,10.71,10.71
RHO_050,R10,INDIA2022_OXA48_KP,85.18297794117646,85.36680147058824,0.18382352941178226,10.71,10.71
RHO_050,R10,FR2024_OXA484_SERINE_ONLY,88.38483333333332,88.59241666666668,0.20758333333336054,10.71,10.71
RHO_050,R12,LEE2022_KPC_KP,87.77224274406333,87.09645118733509,-0.6757915567282424,12.19,12.19
RHO_050,R12,LEE2022_OXA_KP,87.21313559322033,86.73447033898306,-0.4786652542372707,12.19,12.19
RHO_050,R12,INDIA2022_OXA48_KP,85.21536764705881,84.77999999999999,-0.43536764705882547,12.19,12.19
RHO_050,R12,FR2024_OXA484_SERINE_ONLY,88.40883333333332,87.97258333333332,-0.43625000000000114,12.19,12.19
RHO_050,R13,LEE2022_KPC_KP,80.51998680738788,79.917018469657,-0.6029683377308857,7.21,7.21
RHO_050,R13,LEE2022_OXA_KP,80.0549152542373,79.75305084745763,-0.3018644067796714,7.21,7.21
RHO_050,R13,INDIA2022_OXA48_KP,78.22698529411764,77.98827205882354,-0.2387132352940995,7.21,7.21
RHO_050,R13,FR2024_OXA484_SERINE_ONLY,81.18308333333333,80.95516666666667,-0.22791666666665833,7.21,7.21
RHO_000,R1,LEE2022_KPC_KP,73.50026385224272,70.56883905013193,-2.931424802110797,9.28,9.28
RHO_000,R1,LEE2022_OXA_KP,73.64296610169494,71.61572033898305,-2.0272457627118854,9.28,9.28
RHO_000,R1,INDIA2022_OXA48_KP,72.1160661764706,70.61533088235294,-1.5007352941176606,9.28,9.28
RHO_000,R1,FR2024_OXA484_SERINE_ONLY,74.78941666666668,73.28999999999999,-1.49941666666669,9.28,9.28
RHO_000,R8,LEE2022_KPC_KP,88.60091029023748,88.04420844327177,-0.5567018469657086,9.16,9.16
RHO_000,R8,LEE2022_OXA_KP,88.12885593220338,87.9948093220339,-0.13404661016947728,9.16,9.16
RHO_000,R8,INDIA2022_OXA48_KP,86.13003676470588,86.08705882352939,-0.04297794117648834,9.16,9.16
RHO_000,R8,FR2024_OXA484_SERINE_ONLY,89.37675,89.35708333333334,-0.019666666666665833,9.16,9.16
RHO_000,R10,LEE2022_KPC_KP,87.69290237467017,87.51094986807388,-0.18195250659628925,10.71,10.71
RHO_000,R10,LEE2022_OXA_KP,87.17175847457628,87.37819915254236,0.20644067796608567,10.71,10.71
RHO_000,R10,INDIA2022_OXA48_KP,85.18297794117646,85.46091911764705,0.27794117647059124,10.71,10.71
RHO_000,R10,FR2024_OXA484_SERINE_ONLY,88.38483333333332,88.70116666666665,0.3163333333333327,10.71,10.71
RHO_000,R12,LEE2022_KPC_KP,87.77224274406333,86.86032981530344,-0.9119129287598895,12.19,12.19
RHO_000,R12,LEE2022_OXA_KP,87.21313559322033,86.63099576271188,-0.5821398305084529,12.19,12.19
RHO_000,R12,INDIA2022_OXA48_KP,85.21536764705881,84.71220588235295,-0.5031617647058653,12.19,12.19
RHO_000,R12,FR2024_OXA484_SERINE_ONLY,88.40883333333332,87.91358333333332,-0.49524999999999864,12.19,12.19
RHO_000,R13,LEE2022_KPC_KP,80.51998680738788,79.25358839050133,-1.2663984168865454,7.21,7.21
RHO_000,R13,LEE2022_OXA_KP,80.0549152542373,79.3277966101695,-0.7271186440678008,7.21,7.21
RHO_000,R13,INDIA2022_OXA48_KP,78.22698529411764,77.63915441176471,-0.5878308823529323,7.21,7.21
RHO_000,R13,FR2024_OXA484_SERINE_ONLY,81.18308333333333,80.60425,-0.5788333333333355,7.21,7.21
FU_CAZ_LOW,R1,LEE2022_KPC_KP,73.50026385224272,73.27080474934036,-0.22945910290236782,9.28,9.28
FU_CAZ_LOW,R1,LEE2022_OXA_KP,73.64296610169494,73.56855932203389,-0.07440677966104658,9.28,9.28
FU_CAZ_LOW,R1,INDIA2022_OXA48_KP,72.1160661764706,72.0552573529412,-0.06080882352939909,9.28,9.28
FU_CAZ_LOW,R1,FR2024_OXA484_SERINE_ONLY,74.78941666666668,74.74991666666666,-0.039500000000018076,9.28,9.28
FU_CAZ_LOW,R8,LEE2022_KPC_KP,88.60091029023748,88.50058047493404,-0.10032981530343932,9.16,9.16
FU_CAZ_LOW,R8,LEE2022_OXA_KP,88.12885593220338,88.09461864406778,-0.0342372881355999,9.16,9.16
FU_CAZ_LOW,R8,INDIA2022_OXA48_KP,86.13003676470588,86.10757352941175,-0.02246323529412564,9.16,9.16
FU_CAZ_LOW,R8,FR2024_OXA484_SERINE_ONLY,89.37675,89.36616666666667,-0.010583333333329392,9.16,9.16
FU_CAZ_LOW,R10,LEE2022_KPC_KP,87.69290237467017,87.61638522427441,-0.0765171503957589,10.71,10.71
FU_CAZ_LOW,R10,LEE2022_OXA_KP,87.17175847457628,87.1440466101695,-0.027711864406782638,10.71,10.71
FU_CAZ_LOW,R10,INDIA2022_OXA48_KP,85.18297794117646,85.16389705882351,-0.019080882352952244,10.71,10.71
FU_CAZ_LOW,R10,FR2024_OXA484_SERINE_ONLY,88.38483333333332,88.37866666666666,-0.006166666666658216,10.71,10.71
FU_CAZ_LOW,R12,LEE2022_KPC_KP,87.77224274406333,87.70150395778363,-0.07073878627970487,12.19,12.19
FU_CAZ_LOW,R12,LEE2022_OXA_KP,87.21313559322033,87.18701271186441,-0.026122881355917116,12.19,12.19
FU_CAZ_LOW,R12,INDIA2022_OXA48_KP,85.21536764705881,85.19639705882352,-0.018970588235291075,12.19,12.19
FU_CAZ_LOW,R12,FR2024_OXA484_SERINE_ONLY,88.40883333333332,88.40341666666666,-0.00541666666666174,12.19,12.19
FU_CAZ_LOW,R13,LEE2022_KPC_KP,80.51998680738788,80.44402374670184,-0.07596306068603553,7.21,7.21
FU_CAZ_LOW,R13,LEE2022_OXA_KP,80.0549152542373,80.02788135593221,-0.027033898305091952,7.21,7.21
FU_CAZ_LOW,R13,INDIA2022_OXA48_KP,78.22698529411764,78.21202205882352,-0.014963235294118249,7.21,7.21
FU_CAZ_LOW,R13,FR2024_OXA484_SERINE_ONLY,81.18308333333333,81.17725,-0.005833333333328028,7.21,7.21
FU_CAZ_HIGH,R1,LEE2022_KPC_KP,73.50026385224272,73.67945910290237,0.17919525065964592,9.28,9.28
FU_CAZ_HIGH,R1,LEE2022_OXA_KP,73.64296610169494,73.70247881355934,0.0595127118644001,9.28,9.28
FU_CAZ_HIGH,R1,INDIA2022_OXA48_KP,72.1160661764706,72.16691176470587,0.050845588235276296,9.28,9.28
FU_CAZ_HIGH,R1,FR2024_OXA484_SERINE_ONLY,74.78941666666668,74.81983333333334,0.030416666666653214,9.28,9.28
FU_CAZ_HIGH,R8,LEE2022_KPC_KP,88.60091029023748,88.67943271767811,0.07852242744063176,9.16,9.16
FU_CAZ_HIGH,R8,LEE2022_OXA_KP,88.12885593220338,88.15665254237288,0.027796610169502856,9.16,9.16
FU_CAZ_HIGH,R8,INDIA2022_OXA48_KP,86.13003676470588,86.14775735294116,0.017720588235278,9.16,9.16
FU_CAZ_HIGH,R8,FR2024_OXA484_SERINE_ONLY,89.37675,89.38341666666668,0.006666666666674814,9.16,9.16
FU_CAZ_HIGH,R10,LEE2022_KPC_KP,87.69290237467017,87.75895778364115,0.06605540897098194,10.71,10.71
FU_CAZ_HIGH,R10,LEE2022_OXA_KP,87.17175847457628,87.19629237288137,0.024533898305094226,10.71,10.71
FU_CAZ_HIGH,R10,INDIA2022_OXA48_KP,85.18297794117646,85.20106617647058,0.018088235294115407,10.71,10.71
FU_CAZ_HIGH,R10,FR2024_OXA484_SERINE_ONLY,88.38483333333332,88.38941666666666,0.004583333333343376,10.71,10.71
FU_CAZ_HIGH,R12,LEE2022_KPC_KP,87.77224274406333,87.82472295514512,0.05248021108178591,12.19,12.19
FU_CAZ_HIGH,R12,LEE2022_OXA_KP,87.21313559322033,87.23355932203388,0.020423728813554476,12.19,12.19
FU_CAZ_HIGH,R12,INDIA2022_OXA48_KP,85.21536764705881,85.23176470588234,0.01639705882352871,12.19,12.19
FU_CAZ_HIGH,R12,FR2024_OXA484_SERINE_ONLY,88.40883333333332,88.41133333333332,0.0024999999999977263,12.19,12.19
FU_CAZ_HIGH,R13,LEE2022_KPC_KP,80.51998680738788,80.58091029023747,0.060923482849588595,7.21,7.21
FU_CAZ_HIGH,R13,LEE2022_OXA_KP,80.0549152542373,80.07673728813559,0.02182203389828885,7.21,7.21
FU_CAZ_HIGH,R13,INDIA2022_OXA48_KP,78.22698529411764,78.23838235294116,0.011397058823519046,7.21,7.21
FU_CAZ_HIGH,R13,FR2024_OXA484_SERINE_ONLY,81.18308333333333,81.18666666666667,0.003583333333338601,7.21,7.21
FU_AVI_LOW,R1,LEE2022_KPC_KP,73.50026385224272,71.64914248021108,-1.851121372031642,9.28,9.28
FU_AVI_LOW,R1,LEE2022_OXA_KP,73.64296610169494,71.71559322033899,-1.92737288135595,9.28,9.28
FU_AVI_LOW,R1,INDIA2022_OXA48_KP,72.1160661764706,70.22375,-1.892316176470601,9.28,9.28
FU_AVI_LOW,R1,FR2024_OXA484_SERINE_ONLY,74.78941666666668,72.81658333333333,-1.9728333333333552,9.28,9.28
FU_AVI_LOW,R8,LEE2022_KPC_KP,88.60091029023748,87.26030343007916,-1.3406068601583172,9.16,9.16
FU_AVI_LOW,R8,LEE2022_OXA_KP,88.12885593220338,86.77065677966102,-1.3581991525423547,9.16,9.16
FU_AVI_LOW,R8,INDIA2022_OXA48_KP,86.13003676470588,84.7983088235294,-1.3317279411764815,9.16,9.16
FU_AVI_LOW,R8,FR2024_OXA484_SERINE_ONLY,89.37675,87.99216666666668,-1.3845833333333246,9.16,9.16
FU_AVI_LOW,R10,LEE2022_KPC_KP,87.69290237467017,86.08622691292875,-1.6066754617414176,10.71,10.71
FU_AVI_LOW,R10,LEE2022_OXA_KP,87.17175847457628,85.55489406779662,-1.616864406779655,10.71,10.71
FU_AVI_LOW,R10,INDIA2022_OXA48_KP,85.18297794117646,83.59816176470588,-1.5848161764705821,10.71,10.71
FU_AVI_LOW,R10,FR2024_OXA484_SERINE_ONLY,88.38483333333332,86.73825000000001,-1.6465833333333109,10.71,10.71
FU_AVI_LOW,R12,LEE2022_KPC_KP,87.77224274406333,86.14160949868075,-1.6306332453825831,12.19,12.19
FU_AVI_LOW,R12,LEE2022_OXA_KP,87.21313559322033,85.57527542372883,-1.6378601694915034,12.19,12.19
FU_AVI_LOW,R12,INDIA2022_OXA48_KP,85.21536764705881,83.61029411764706,-1.6050735294117544,12.19,12.19
FU_AVI_LOW,R12,FR2024_OXA484_SERINE_ONLY,88.40883333333332,86.74150000000002,-1.6673333333333034,12.19,12.19
FU_AVI_LOW,R13,LEE2022_KPC_KP,80.51998680738788,78.18207124010554,-2.3379155672823373,7.21,7.21
FU_AVI_LOW,R13,LEE2022_OXA_KP,80.0549152542373,77.70961864406779,-2.3452966101695125,7.21,7.21
FU_AVI_LOW,R13,INDIA2022_OXA48_KP,78.22698529411764,75.92882352941176,-2.298161764705881,7.21,7.21
FU_AVI_LOW,R13,FR2024_OXA484_SERINE_ONLY,81.18308333333333,78.79608333333333,-2.3870000000000005,7.21,7.21
FU_AVI_HIGH,R1,LEE2022_KPC_KP,73.50026385224272,75.31506596306068,1.8148021108179506,9.28,9.28
FU_AVI_HIGH,R1,LEE2022_OXA_KP,73.64296610169494,75.53961864406782,1.8966525423728768,9.28,9.28
FU_AVI_HIGH,R1,INDIA2022_OXA48_KP,72.1160661764706,73.98044117647059,1.8643749999999955,9.28,9.28
FU_AVI_HIGH,R1,FR2024_OXA484_SERINE_ONLY,74.78941666666668,76.733,1.9435833333333221,9.28,9.28
FU_AVI_HIGH,R8,LEE2022_KPC_KP,88.60091029023748,89.80522427440634,1.2043139841688628,9.16,9.16
FU_AVI_HIGH,R8,LEE2022_OXA_KP,88.12885593220338,89.35330508474576,1.2244491525423769,9.16,9.16
FU_AVI_HIGH,R8,INDIA2022_OXA48_KP,86.13003676470588,87.33084558823529,1.2008088235294139,9.16,9.16
FU_AVI_HIGH,R8,FR2024_OXA484_SERINE_ONLY,89.37675,90.62566666666666,1.2489166666666591,9.16,9.16
FU_AVI_HIGH,R10,LEE2022_KPC_KP,87.69290237467017,89.07116094986806,1.37825857519789,10.71,10.71
FU_AVI_HIGH,R10,LEE2022_OXA_KP,87.17175847457628,88.56190677966102,1.390148305084736,10.71,10.71
FU_AVI_HIGH,R10,INDIA2022_OXA48_KP,85.18297794117646,86.54569852941177,1.3627205882353053,10.71,10.71
FU_AVI_HIGH,R10,FR2024_OXA484_SERINE_ONLY,88.38483333333332,89.801,1.4161666666666832,10.71,10.71
FU_AVI_HIGH,R12,LEE2022_KPC_KP,87.77224274406333,89.16052770448547,1.3882849604221406,12.19,12.19
FU_AVI_HIGH,R12,LEE2022_OXA_KP,87.21313559322033,88.60633474576271,1.3931991525423797,12.19,12.19
FU_AVI_HIGH,R12,INDIA2022_OXA48_KP,85.21536764705881,86.580625,1.3652573529411853,12.19,12.19
FU_AVI_HIGH,R12,FR2024_OXA484_SERINE_ONLY,88.40883333333332,89.82691666666666,1.4180833333333425,12.19,12.19
FU_AVI_HIGH,R13,LEE2022_KPC_KP,80.51998680738788,82.45523746701849,1.9352506596306114,7.21,7.21
FU_AVI_HIGH,R13,LEE2022_OXA_KP,80.0549152542373,81.99737288135593,1.9424576271186282,7.21,7.21
FU_AVI_HIGH,R13,INDIA2022_OXA48_KP,78.22698529411764,80.13055147058824,1.9035661764706049,7.21,7.21
FU_AVI_HIGH,R13,FR2024_OXA484_SERINE_ONLY,81.18308333333333,83.16033333333334,1.9772500000000122,7.21,7.21
CAZ_TARGET_2,R1,LEE2022_KPC_KP,73.50026385224272,74.55079155672823,1.0505277044855035,9.28,9.28
CAZ_TARGET_2,R1,LEE2022_OXA_KP,73.64296610169494,74.0409533898305,0.3979872881355675,9.28,9.28
CAZ_TARGET_2,R1,INDIA2022_OXA48_KP,72.1160661764706,72.49580882352942,0.3797426470588192,9.28,9.28
CAZ_TARGET_2,R1,FR2024_OXA484_SERINE_ONLY,74.78941666666668,74.91983333333334,0.13041666666666174,9.28,9.28
CAZ_TARGET_2,R8,LEE2022_KPC_KP,88.60091029023748,89.08323218997361,0.48232189973613515,9.16,9.16
CAZ_TARGET_2,R8,LEE2022_OXA_KP,88.12885593220338,88.37023305084745,0.24137711864406697,9.16,9.16
CAZ_TARGET_2,R8,INDIA2022_OXA48_KP,86.13003676470588,86.49080882352939,0.36077205882351393,9.16,9.16
CAZ_TARGET_2,R8,FR2024_OXA484_SERINE_ONLY,89.37675,89.39500000000001,0.01825000000000898,9.16,9.16
CAZ_TARGET_2,R10,LEE2022_KPC_KP,87.69290237467017,88.10245382585752,0.4095514511873546,10.71,10.71
CAZ_TARGET_2,R10,LEE2022_OXA_KP,87.17175847457628,87.39707627118644,0.22531779661015605,10.71,10.71
CAZ_TARGET_2,R10,INDIA2022_OXA48_KP,85.18297794117646,85.5660294117647,0.3830514705882422,10.71,10.71
CAZ_TARGET_2,R10,FR2024_OXA484_SERINE_ONLY,88.38483333333332,88.39499999999998,0.010166666666663104,10.71,10.71
CAZ_TARGET_2,R12,LEE2022_KPC_KP,87.77224274406333,88.13410290237466,0.36186015831133034,12.19,12.19
CAZ_TARGET_2,R12,LEE2022_OXA_KP,87.21313559322033,87.43137711864405,0.21824152542372133,12.19,12.19
CAZ_TARGET_2,R12,INDIA2022_OXA48_KP,85.21536764705881,85.62941176470586,0.41404411764705173,12.19,12.19
CAZ_TARGET_2,R12,FR2024_OXA484_SERINE_ONLY,88.40883333333332,88.41499999999999,0.006166666666672427,12.19,12.19
CAZ_TARGET_2,R13,LEE2022_KPC_KP,80.51998680738788,80.91353562005277,0.39354881266488917,7.21,7.21
CAZ_TARGET_2,R13,LEE2022_OXA_KP,80.0549152542373,80.24756355932205,0.19264830508474518,7.21,7.21
CAZ_TARGET_2,R13,INDIA2022_OXA48_KP,78.22698529411764,78.50735294117646,0.28036764705882433,7.21,7.21
CAZ_TARGET_2,R13,FR2024_OXA484_SERINE_ONLY,81.18308333333333,81.19,0.0069166666666689025,7.21,7.21
CAZ_TARGET_6,R1,LEE2022_KPC_KP,73.50026385224272,71.43919525065962,-2.061068601583102,9.28,9.28
CAZ_TARGET_6,R1,LEE2022_OXA_KP,73.64296610169494,72.82580508474575,-0.8171610169491856,9.28,9.28
CAZ_TARGET_6,R1,INDIA2022_OXA48_KP,72.1160661764706,71.51694852941178,-0.5991176470588186,9.28,9.28
CAZ_TARGET_6,R1,FR2024_OXA484_SERINE_ONLY,74.78941666666668,74.29116666666667,-0.49825000000001296,9.28,9.28
CAZ_TARGET_6,R8,LEE2022_KPC_KP,88.60091029023748,87.35532981530345,-1.2455804749340302,9.16,9.16
CAZ_TARGET_6,R8,LEE2022_OXA_KP,88.12885593220338,87.72082627118645,-0.4080296610169256,9.16,9.16
CAZ_TARGET_6,R8,INDIA2022_OXA48_KP,86.13003676470588,85.84419117647059,-0.28584558823528994,9.16,9.16
CAZ_TARGET_6,R8,FR2024_OXA484_SERINE_ONLY,89.37675,89.18516666666666,-0.191583333333341,9.16,9.16
CAZ_TARGET_6,R10,LEE2022_KPC_KP,87.69290237467017,86.68509234828495,-1.007810026385215,10.71,10.71
CAZ_TARGET_6,R10,LEE2022_OXA_KP,87.17175847457628,86.83976694915253,-0.33199152542374577,10.71,10.71
CAZ_TARGET_6,R10,INDIA2022_OXA48_KP,85.18297794117646,84.95650735294117,-0.2264705882352871,10.71,10.71
CAZ_TARGET_6,R10,FR2024_OXA484_SERINE_ONLY,88.38483333333332,88.24441666666667,-0.14041666666665265,10.71,10.71
CAZ_TARGET_6,R12,LEE2022_KPC_KP,87.77224274406333,86.92048812664908,-0.8517546174142581,12.19,12.19
CAZ_TARGET_6,R12,LEE2022_OXA_KP,87.21313559322033,86.9284322033898,-0.28470338983052557,12.19,12.19
CAZ_TARGET_6,R12,INDIA2022_OXA48_KP,85.21536764705881,85.02511029411764,-0.19025735294117396,12.19,12.19
CAZ_TARGET_6,R12,FR2024_OXA484_SERINE_ONLY,88.40883333333332,88.30099999999999,-0.1078333333333319,12.19,12.19
CAZ_TARGET_6,R13,LEE2022_KPC_KP,80.51998680738788,79.52750659630607,-0.9924802110818121,7.21,7.21
CAZ_TARGET_6,R13,LEE2022_OXA_KP,80.0549152542373,79.73048728813559,-0.3244279661017089,7.21,7.21
CAZ_TARGET_6,R13,INDIA2022_OXA48_KP,78.22698529411764,78.01863970588234,-0.20834558823530358,7.21,7.21
CAZ_TARGET_6,R13,FR2024_OXA484_SERINE_ONLY,81.18308333333333,81.04541666666667,-0.13766666666666083,7.21,7.21
AVI_CT_2,R1,LEE2022_KPC_KP,73.50026385224272,89.54605540897097,16.045791556728247,9.28,9.28
AVI_CT_2,R1,LEE2022_OXA_KP,73.64296610169494,90.78957627118646,17.146610169491524,9.28,9.28
AVI_CT_2,R1,INDIA2022_OXA48_KP,72.1160661764706,89.18536764705883,17.06930147058823,9.28,9.28
AVI_CT_2,R1,FR2024_OXA484_SERINE_ONLY,74.78941666666668,92.53458333333334,17.745166666666663,9.28,9.28
AVI_CT_2,R8,LEE2022_KPC_KP,88.60091029023748,97.29476253298154,8.693852242744057,9.16,9.16
AVI_CT_2,R8,LEE2022_OXA_KP,88.12885593220338,97.15300847457627,9.024152542372889,9.16,9.16
AVI_CT_2,R8,INDIA2022_OXA48_KP,86.13003676470588,94.99908088235294,8.869044117647064,9.16,9.16
AVI_CT_2,R8,FR2024_OXA484_SERINE_ONLY,89.37675,98.61575,9.239000000000004,9.16,9.16
AVI_CT_2,R10,LEE2022_KPC_KP,87.69290237467017,97.32576517150395,9.632862796833777,10.71,10.71
AVI_CT_2,R10,LEE2022_OXA_KP,87.17175847457628,97.07690677966102,9.905148305084737,10.71,10.71
AVI_CT_2,R10,INDIA2022_OXA48_KP,85.18297794117646,94.90448529411763,9.721507352941174,10.71,10.71
AVI_CT_2,R10,FR2024_OXA484_SERINE_ONLY,88.38483333333332,98.50633333333332,10.121499999999997,10.71,10.71
AVI_CT_2,R12,LEE2022_KPC_KP,87.77224274406333,97.56459102902375,9.792348284960411,12.19,12.19
AVI_CT_2,R12,LEE2022_OXA_KP,87.21313559322033,97.21983050847459,10.006694915254258,12.19,12.19
AVI_CT_2,R12,INDIA2022_OXA48_KP,85.21536764705881,95.03194852941176,9.816580882352952,12.19,12.19
AVI_CT_2,R12,FR2024_OXA484_SERINE_ONLY,88.40883333333332,98.62358333333333,10.21475000000001,12.19,12.19
AVI_CT_2,R13,LEE2022_KPC_KP,80.51998680738788,95.70617414248022,15.186187335092342,7.21,7.21
AVI_CT_2,R13,LEE2022_OXA_KP,80.0549152542373,95.59461864406782,15.539703389830521,7.21,7.21
AVI_CT_2,R13,INDIA2022_OXA48_KP,78.22698529411764,93.47338235294119,15.246397058823547,7.21,7.21
AVI_CT_2,R13,FR2024_OXA484_SERINE_ONLY,81.18308333333333,97.04966666666668,15.866583333333352,7.21,7.21
AVI_CT_6,R1,LEE2022_KPC_KP,73.50026385224272,58.115897097625336,-15.384366754617389,9.28,9.28
AVI_CT_6,R1,LEE2022_OXA_KP,73.64296610169494,57.876885593220344,-15.766080508474595,9.28,9.28
AVI_CT_6,R1,INDIA2022_OXA48_KP,72.1160661764706,56.64764705882353,-15.468419117647066,9.28,9.28
AVI_CT_6,R1,FR2024_OXA484_SERINE_ONLY,74.78941666666668,58.688750000000006,-16.100666666666676,9.28,9.28
AVI_CT_6,R8,LEE2022_KPC_KP,88.60091029023748,74.66777044854881,-13.933139841688671,9.16,9.16
AVI_CT_6,R8,LEE2022_OXA_KP,88.12885593220338,74.15383474576272,-13.975021186440657,9.16,9.16
AVI_CT_6,R8,INDIA2022_OXA48_KP,86.13003676470588,72.43716911764704,-13.692867647058833,9.16,9.16
AVI_CT_6,R8,FR2024_OXA484_SERINE_ONLY,89.37675,75.15458333333333,-14.222166666666666,9.16,9.16
AVI_CT_6,R10,LEE2022_KPC_KP,87.69290237467017,72.74656992084432,-14.946332453825846,10.71,10.71
AVI_CT_6,R10,LEE2022_OXA_KP,87.17175847457628,72.21777542372881,-14.95398305084747,10.71,10.71
AVI_CT_6,R10,INDIA2022_OXA48_KP,85.18297794117646,70.53577205882353,-14.647205882352935,10.71,10.71
AVI_CT_6,R10,FR2024_OXA484_SERINE_ONLY,88.38483333333332,73.17483333333332,-15.209999999999994,10.71,10.71
AVI_CT_6,R12,LEE2022_KPC_KP,87.77224274406333,72.67323218997363,-15.099010554089702,12.19,12.19
AVI_CT_6,R12,LEE2022_OXA_KP,87.21313559322033,72.1263559322034,-15.086779661016934,12.19,12.19
AVI_CT_6,R12,INDIA2022_OXA48_KP,85.21536764705881,70.44257352941177,-14.772794117647038,12.19,12.19
AVI_CT_6,R12,FR2024_OXA484_SERINE_ONLY,88.40883333333332,73.06991666666666,-15.338916666666663,12.19,12.19
AVI_CT_6,R13,LEE2022_KPC_KP,80.51998680738788,60.542664907651705,-19.977321899736175,7.21,7.21
AVI_CT_6,R13,LEE2022_OXA_KP,80.0549152542373,60.09894067796611,-19.95597457627119,7.21,7.21
AVI_CT_6,R13,INDIA2022_OXA48_KP,78.22698529411764,58.687279411764706,-19.539705882352933,7.21,7.21
AVI_CT_6,R13,FR2024_OXA484_SERINE_ONLY,81.18308333333333,60.89499999999999,-20.28808333333334,7.21,7.21
TOX_80,R1,LEE2022_KPC_KP,73.50026385224272,73.50026385224272,0.0,9.28,13.334999999999999
TOX_80,R1,LEE2022_OXA_KP,73.64296610169494,73.64296610169494,0.0,9.28,13.334999999999999
TOX_80,R1,INDIA2022_OXA48_KP,72.1160661764706,72.1160661764706,0.0,9.28,13.334999999999999
TOX_80,R1,FR2024_OXA484_SERINE_ONLY,74.78941666666668,74.78941666666668,0.0,9.28,13.334999999999999
TOX_80,R8,LEE2022_KPC_KP,88.60091029023748,88.60091029023748,0.0,9.16,18.72
TOX_80,R8,LEE2022_OXA_KP,88.12885593220338,88.12885593220338,0.0,9.16,18.72
TOX_80,R8,INDIA2022_OXA48_KP,86.13003676470588,86.13003676470588,0.0,9.16,18.72
TOX_80,R8,FR2024_OXA484_SERINE_ONLY,89.37675,89.37675,0.0,9.16,18.72
TOX_80,R10,LEE2022_KPC_KP,87.69290237467017,87.69290237467017,0.0,10.71,20.74
TOX_80,R10,LEE2022_OXA_KP,87.17175847457628,87.17175847457628,0.0,10.71,20.74
TOX_80,R10,INDIA2022_OXA48_KP,85.18297794117646,85.18297794117646,0.0,10.71,20.74
TOX_80,R10,FR2024_OXA484_SERINE_ONLY,88.38483333333332,88.38483333333332,0.0,10.71,20.74
TOX_80,R12,LEE2022_KPC_KP,87.77224274406333,87.77224274406333,0.0,12.19,23.195
TOX_80,R12,LEE2022_OXA_KP,87.21313559322033,87.21313559322033,0.0,12.19,23.195
TOX_80,R12,INDIA2022_OXA48_KP,85.21536764705881,85.21536764705881,0.0,12.19,23.195
TOX_80,R12,FR2024_OXA484_SERINE_ONLY,88.40883333333332,88.40883333333332,0.0,12.19,23.195
TOX_80,R13,LEE2022_KPC_KP,80.51998680738788,80.51998680738788,0.0,7.21,15.065000000000001
TOX_80,R13,LEE2022_OXA_KP,80.0549152542373,80.0549152542373,0.0,7.21,15.065000000000001
TOX_80,R13,INDIA2022_OXA48_KP,78.22698529411764,78.22698529411764,0.0,7.21,15.065000000000001
TOX_80,R13,FR2024_OXA484_SERINE_ONLY,81.18308333333333,81.18308333333333,0.0,7.21,15.065000000000001
TOX_128,R1,LEE2022_KPC_KP,73.50026385224272,73.50026385224272,0.0,9.28,6.7299999999999995
TOX_128,R1,LEE2022_OXA_KP,73.64296610169494,73.64296610169494,0.0,9.28,6.7299999999999995
TOX_128,R1,INDIA2022_OXA48_KP,72.1160661764706,72.1160661764706,0.0,9.28,6.7299999999999995
TOX_128,R1,FR2024_OXA484_SERINE_ONLY,74.78941666666668,74.78941666666668,0.0,9.28,6.7299999999999995
TOX_128,R8,LEE2022_KPC_KP,88.60091029023748,88.60091029023748,0.0,9.16,4.84
TOX_128,R8,LEE2022_OXA_KP,88.12885593220338,88.12885593220338,0.0,9.16,4.84
TOX_128,R8,INDIA2022_OXA48_KP,86.13003676470588,86.13003676470588,0.0,9.16,4.84
TOX_128,R8,FR2024_OXA484_SERINE_ONLY,89.37675,89.37675,0.0,9.16,4.84
TOX_128,R10,LEE2022_KPC_KP,87.69290237467017,87.69290237467017,0.0,10.71,5.835
TOX_128,R10,LEE2022_OXA_KP,87.17175847457628,87.17175847457628,0.0,10.71,5.835
TOX_128,R10,INDIA2022_OXA48_KP,85.18297794117646,85.18297794117646,0.0,10.71,5.835
TOX_128,R10,FR2024_OXA484_SERINE_ONLY,88.38483333333332,88.38483333333332,0.0,10.71,5.835
TOX_128,R12,LEE2022_KPC_KP,87.77224274406333,87.77224274406333,0.0,12.19,6.555
TOX_128,R12,LEE2022_OXA_KP,87.21313559322033,87.21313559322033,0.0,12.19,6.555
TOX_128,R12,INDIA2022_OXA48_KP,85.21536764705881,85.21536764705881,0.0,12.19,6.555
TOX_128,R12,FR2024_OXA484_SERINE_ONLY,88.40883333333332,88.40883333333332,0.0,12.19,6.555
TOX_128,R13,LEE2022_KPC_KP,80.51998680738788,80.51998680738788,0.0,7.21,3.5000000000000004
TOX_128,R13,LEE2022_OXA_KP,80.0549152542373,80.0549152542373,0.0,7.21,3.5000000000000004
TOX_128,R13,INDIA2022_OXA48_KP,78.22698529411764,78.22698529411764,0.0,7.21,3.5000000000000004
TOX_128,R13,FR2024_OXA484_SERINE_ONLY,81.18308333333333,81.18308333333333,0.0,7.21,3.5000000000000004
