distribution_id,population,role,mic_mg_l,frequency,weight_provenance
FR2024_OXA484_SERINE_ONLY,French OXA-484-producing Enterobacterales without NDM co-production,PREFERRED_FRENCH_SENSITIVITY,0.0625,0.45000000312989535,recovered_by_inversion
FR2024_OXA484_SERINE_ONLY,French OXA-484-producing Enterobacterales without NDM co-production,PREFERRED_FRENCH_SENSITIVITY,0.125,0.0,recovered_by_inversion
FR2024_OXA484_SERINE_ONLY,French OXA-484-producing Enterobacterales without NDM co-production,PREFERRED_FRENCH_SENSITIVITY,0.25,0.0,recovered_by_inversion
FR2024_OXA484_SERINE_ONLY,French OXA-484-producing Enterobacterales without NDM co-production,PREFERRED_FRENCH_SENSITIVITY,0.5,0.13333332999209604,recovered_by_inversion
FR2024_OXA484_SERINE_ONLY,French OXA-484-producing Enterobacterales without NDM co-production,PREFERRED_FRENCH_SENSITIVITY,1.0,0.2500000002335362,recovered_by_inversion
FR2024_OXA484_SERINE_ONLY,French OXA-484-producing Enterobacterales without NDM co-production,PREFERRED_FRENCH_SENSITIVITY,2.0,0.1499999999757807,recovered_by_inversion
FR2024_OXA484_SERINE_ONLY,French OXA-484-producing Enterobacterales without NDM co-production,PREFERRED_FRENCH_SENSITIVITY,4.0,0.01666666666869159,recovered_by_inversion
FR2024_OXA484_SERINE_ONLY,French OXA-484-producing Enterobacterales without NDM co-production,PREFERRED_FRENCH_SENSITIVITY,8.0,0.0,recovered_by_inversion
FR2024_OXA484_SERINE_ONLY,French OXA-484-producing Enterobacterales without NDM co-production,PREFERRED_FRENCH_SENSITIVITY,16.0,0.0,recovered_by_inversion
FR2024_OXA484_SERINE_ONLY,French OXA-484-producing Enterobacterales without NDM co-production,PREFERRED_FRENCH_SENSITIVITY,32.0,0.0,recovered_by_inversion
FR2024_OXA484_SERINE_ONLY,French OXA-484-producing Enterobacterales without NDM co-production,PREFERRED_FRENCH_SENSITIVITY,64.0,0.0,recovered_by_inversion
INDIA2022_OXA48_KP,"OXA-48-like CR-K. pneumoniae, India ATLAS 2018–2019",SENSITIVITY_DONOR,0.0625,0.014705885096355361,recovered_by_inversion
INDIA2022_OXA48_KP,"OXA-48-like CR-K. pneumoniae, India ATLAS 2018–2019",SENSITIVITY_DONOR,0.125,0.0,recovered_by_inversion
INDIA2022_OXA48_KP,"OXA-48-like CR-K. pneumoniae, India ATLAS 2018–2019",SENSITIVITY_DONOR,0.25,0.0,recovered_by_inversion
INDIA2022_OXA48_KP,"OXA-48-like CR-K. pneumoniae, India ATLAS 2018–2019",SENSITIVITY_DONOR,0.5,0.3088235263910736,recovered_by_inversion
INDIA2022_OXA48_KP,"OXA-48-like CR-K. pneumoniae, India ATLAS 2018–2019",SENSITIVITY_DONOR,1.0,0.5073529414954101,recovered_by_inversion
INDIA2022_OXA48_KP,"OXA-48-like CR-K. pneumoniae, India ATLAS 2018–2019",SENSITIVITY_DONOR,2.0,0.11029411759946917,recovered_by_inversion
INDIA2022_OXA48_KP,"OXA-48-like CR-K. pneumoniae, India ATLAS 2018–2019",SENSITIVITY_DONOR,4.0,0.022058823535577733,recovered_by_inversion
INDIA2022_OXA48_KP,"OXA-48-like CR-K. pneumoniae, India ATLAS 2018–2019",SENSITIVITY_DONOR,8.0,0.0,recovered_by_inversion
INDIA2022_OXA48_KP,"OXA-48-like CR-K. pneumoniae, India ATLAS 2018–2019",SENSITIVITY_DONOR,16.0,0.0,recovered_by_inversion
INDIA2022_OXA48_KP,"OXA-48-like CR-K. pneumoniae, India ATLAS 2018–2019",SENSITIVITY_DONOR,32.0,0.01470588235281802,recovered_by_inversion
INDIA2022_OXA48_KP,"OXA-48-like CR-K. pneumoniae, India ATLAS 2018–2019",SENSITIVITY_DONOR,64.0,0.022058823529295953,recovered_by_inversion
LEE2022_KPC_KP,"KPC-like CR-K. pneumoniae, ATLAS 2020",PRIMARY,0.0625,0.013192612137203167,documented_S3b
LEE2022_KPC_KP,"KPC-like CR-K. pneumoniae, ATLAS 2020",PRIMARY,0.125,0.005277044854881266,documented_S3b
LEE2022_KPC_KP,"KPC-like CR-K. pneumoniae, ATLAS 2020",PRIMARY,0.25,0.044854881266490766,documented_S3b
LEE2022_KPC_KP,"KPC-like CR-K. pneumoniae, ATLAS 2020",PRIMARY,0.5,0.1741424802110818,documented_S3b
LEE2022_KPC_KP,"KPC-like CR-K. pneumoniae, ATLAS 2020",PRIMARY,1.0,0.39313984168865435,documented_S3b
LEE2022_KPC_KP,"KPC-like CR-K. pneumoniae, ATLAS 2020",PRIMARY,2.0,0.2691292875989446,documented_S3b
LEE2022_KPC_KP,"KPC-like CR-K. pneumoniae, ATLAS 2020",PRIMARY,4.0,0.08443271767810026,documented_S3b
LEE2022_KPC_KP,"KPC-like CR-K. pneumoniae, ATLAS 2020",PRIMARY,8.0,0.010554089709762533,documented_S3b
LEE2022_KPC_KP,"KPC-like CR-K. pneumoniae, ATLAS 2020",PRIMARY,16.0,0.002638522427440633,documented_S3b
LEE2022_KPC_KP,"KPC-like CR-K. pneumoniae, ATLAS 2020",PRIMARY,32.0,0.0,documented_S3b
LEE2022_KPC_KP,"KPC-like CR-K. pneumoniae, ATLAS 2020",PRIMARY,64.0,0.002638522427440633,documented_S3b
LEE2022_OXA_KP,"OXA-like CR-K. pneumoniae, ATLAS 2020",PRIMARY,0.0625,0.0,documented_S3b
LEE2022_OXA_KP,"OXA-like CR-K. pneumoniae, ATLAS 2020",PRIMARY,0.125,0.0,documented_S3b
LEE2022_OXA_KP,"OXA-like CR-K. pneumoniae, ATLAS 2020",PRIMARY,0.25,0.038135593220338986,documented_S3b
LEE2022_OXA_KP,"OXA-like CR-K. pneumoniae, ATLAS 2020",PRIMARY,0.5,0.18220338983050846,documented_S3b
LEE2022_OXA_KP,"OXA-like CR-K. pneumoniae, ATLAS 2020",PRIMARY,1.0,0.5254237288135594,documented_S3b
LEE2022_OXA_KP,"OXA-like CR-K. pneumoniae, ATLAS 2020",PRIMARY,2.0,0.211864406779661,documented_S3b
LEE2022_OXA_KP,"OXA-like CR-K. pneumoniae, ATLAS 2020",PRIMARY,4.0,0.025423728813559324,documented_S3b
LEE2022_OXA_KP,"OXA-like CR-K. pneumoniae, ATLAS 2020",PRIMARY,8.0,0.00423728813559322,documented_S3b
LEE2022_OXA_KP,"OXA-like CR-K. pneumoniae, ATLAS 2020",PRIMARY,16.0,0.0,documented_S3b
LEE2022_OXA_KP,"OXA-like CR-K. pneumoniae, ATLAS 2020",PRIMARY,32.0,0.00423728813559322,documented_S3b
LEE2022_OXA_KP,"OXA-like CR-K. pneumoniae, ATLAS 2020",PRIMARY,64.0,0.00847457627118644,documented_S3b
