Regimen,EKFC class,MIC,Sim CAZ PTA,Published CAZ PTA,CAZ difference,Sim AVI attainment,Published AVI attainment,AVI difference
R1,0–30,0.0625,100,100,0,74.88,72.7,2.1799999999999926
R1,0–30,0.125,100,100,0,74.88,72.7,2.1799999999999926
R1,0–30,0.25,100,100,0,74.88,72.7,2.1799999999999926
R1,0–30,0.5,99.94,100,-0.060000000000002274,74.88,72.7,2.1799999999999926
R1,0–30,1,99.13499999999999,94.8,4.334999999999994,74.88,72.7,2.1799999999999926
R1,0–30,2,92.08,87.8,4.280000000000001,74.88,72.7,2.1799999999999926
R1,0–30,4,68.575,61.4,7.175000000000004,74.88,72.7,2.1799999999999926
R1,0–30,8,35.775,27.4,8.375,74.88,72.7,2.1799999999999926
R2,0–30,0.0625,100,100,0,87.38,85.5,1.8799999999999955
R2,0–30,0.125,100,100,0,87.38,85.5,1.8799999999999955
R2,0–30,0.25,100,100,0,87.38,85.5,1.8799999999999955
R2,0–30,0.5,100,100,0,87.38,85.5,1.8799999999999955
R2,0–30,1,99.88,100,-0.12000000000000455,87.38,85.5,1.8799999999999955
R2,0–30,2,97.63,94,3.6299999999999955,87.38,85.5,1.8799999999999955
R2,0–30,4,84.53,80.2,4.329999999999998,87.38,85.5,1.8799999999999955
R2,0–30,8,54.510000000000005,46.9,7.6100000000000065,87.38,85.5,1.8799999999999955
R7,31–60,0.0625,100,100,0,80.435,84.1,-3.664999999999992
R7,31–60,0.125,100,100,0,80.435,84.1,-3.664999999999992
R7,31–60,0.25,100,100,0,80.435,84.1,-3.664999999999992
R7,31–60,0.5,100,100,0,80.435,84.1,-3.664999999999992
R7,31–60,1,99.935,99.8,0.13500000000000512,80.435,84.1,-3.664999999999992
R7,31–60,2,97.875,95.4,2.4749999999999943,80.435,84.1,-3.664999999999992
R7,31–60,4,82.75,83.8,-1.0499999999999972,80.435,84.1,-3.664999999999992
R7,31–60,8,44.345,47.3,-2.9549999999999983,80.435,84.1,-3.664999999999992
R8,31–60,0.0625,100,100,0,89.45,92.5,-3.049999999999997
R8,31–60,0.125,100,100,0,89.45,92.5,-3.049999999999997
R8,31–60,0.25,100,100,0,89.45,92.5,-3.049999999999997
R8,31–60,0.5,100,100,0,89.45,92.5,-3.049999999999997
R8,31–60,1,99.995,100,-0.0049999999999954525,89.45,92.5,-3.049999999999997
R8,31–60,2,99.39,96.1,3.2900000000000063,89.45,92.5,-3.049999999999997
R8,31–60,4,91.82000000000001,92.6,-0.7799999999999869,89.45,92.5,-3.049999999999997
R8,31–60,8,62.11,64.9,-2.7900000000000063,89.45,92.5,-3.049999999999997
R9,61–90,0.0625,100,100,0,73.225,76.3,-3.075000000000003
R9,61–90,0.125,100,100,0,73.225,76.3,-3.075000000000003
R9,61–90,0.25,100,100,0,73.225,76.3,-3.075000000000003
R9,61–90,0.5,99.995,100,-0.0049999999999954525,73.225,76.3,-3.075000000000003
R9,61–90,1,99.91499999999999,100,-0.08500000000000796,73.225,76.3,-3.075000000000003
R9,61–90,2,97.315,95.5,1.8149999999999977,73.225,76.3,-3.075000000000003
R9,61–90,4,79.83,78,1.8299999999999983,73.225,76.3,-3.075000000000003
R9,61–90,8,40.085,37.7,2.384999999999998,73.225,76.3,-3.075000000000003
R10,61–90,0.0625,100,100,0,88.405,90.1,-1.6949999999999932
R10,61–90,0.125,100,100,0,88.405,90.1,-1.6949999999999932
R10,61–90,0.25,100,100,0,88.405,90.1,-1.6949999999999932
R10,61–90,0.5,100,100,0,88.405,90.1,-1.6949999999999932
R10,61–90,1,99.995,100,-0.0049999999999954525,88.405,90.1,-1.6949999999999932
R10,61–90,2,99.555,99.6,-0.044999999999987494,88.405,90.1,-1.6949999999999932
R10,61–90,4,93.105,91.2,1.9050000000000011,88.405,90.1,-1.6949999999999932
R10,61–90,8,64.945,62.5,2.444999999999993,88.405,90.1,-1.6949999999999932
R11,91–120,0.0625,100,100,0,78.18,82,-3.819999999999993
R11,91–120,0.125,100,100,0,78.18,82,-3.819999999999993
R11,91–120,0.25,100,100,0,78.18,82,-3.819999999999993
R11,91–120,0.5,99.995,100,-0.0049999999999954525,78.18,82,-3.819999999999993
R11,91–120,1,99.95,100,-0.04999999999999716,78.18,82,-3.819999999999993
R11,91–120,2,98.77,98.4,0.36999999999999034,78.18,82,-3.819999999999993
R11,91–120,4,86.905,86.3,0.605000000000004,78.18,82,-3.819999999999993
R11,91–120,8,50.690000000000005,51.3,-0.6099999999999923,78.18,82,-3.819999999999993
R12,91–120,0.0625,100,100,0,88.46000000000001,90,-1.539999999999992
R12,91–120,0.125,100,100,0,88.46000000000001,90,-1.539999999999992
R12,91–120,0.25,100,100,0,88.46000000000001,90,-1.539999999999992
R12,91–120,0.5,100,100,0,88.46000000000001,90,-1.539999999999992
R12,91–120,1,99.99,100,-0.010000000000005116,88.46000000000001,90,-1.539999999999992
R12,91–120,2,99.68,100,-0.3199999999999932,88.46000000000001,90,-1.539999999999992
R12,91–120,4,94.405,94.2,0.2049999999999983,88.46000000000001,90,-1.539999999999992
R12,91–120,8,68.11500000000001,68.9,-0.7849999999999966,88.46000000000001,90,-1.539999999999992
R13,121–150,0.0625,100,100,0,81.245,83.9,-2.655000000000001
R13,121–150,0.125,100,100,0,81.245,83.9,-2.655000000000001
R13,121–150,0.25,100,100,0,81.245,83.9,-2.655000000000001
R13,121–150,0.5,100,100,0,81.245,83.9,-2.655000000000001
R13,121–150,1,99.985,100,-0.015000000000000568,81.245,83.9,-2.655000000000001
R13,121–150,2,99.18,100,-0.8199999999999932,81.245,83.9,-2.655000000000001
R13,121–150,4,90.425,91.9,-1.4750000000000085,81.245,83.9,-2.655000000000001
R13,121–150,8,57.30499999999999,57.7,-0.39500000000001023,81.245,83.9,-2.655000000000001
