rho_scenario,target_scenario,ekfc_class,regimen,p_optimal_pct,is_fixed_threshold_choice,mean_utility
C1_cojutti,T1_point_1,0–30,R1,91.5,no,81.42
C1_cojutti,T1_point_1,0–30,R2,8.6,yes,78.32
C1_cojutti,T1_point_1,31–60,R5,0.2,no,84.35
C1_cojutti,T1_point_1,31–60,R6,31.9,no,88.93
C1_cojutti,T1_point_1,31–60,R7,61.4,no,90.09
C1_cojutti,T1_point_1,31–60,R8,6.5,yes,86.34
C1_cojutti,T1_point_1,61–90,R9,93.8,no,90.18
C1_cojutti,T1_point_1,61–90,R10,6.2,yes,85.77
C1_cojutti,T1_point_1,91–120,R11,97.4,no,89.83
C1_cojutti,T1_point_1,91–120,R12,2.6,yes,84.97
C1_cojutti,T1_point_1,121–150,R13,100.0,yes,88.74
C1_cojutti,T2_point_4,0–30,R1,2.7,no,62.23
C1_cojutti,T2_point_4,0–30,R2,97.3,yes,67.79
C1_cojutti,T2_point_4,31–60,R5,0.0,no,42.47
C1_cojutti,T2_point_4,31–60,R6,0.0,no,57.36
C1_cojutti,T2_point_4,31–60,R7,9.7,no,73.0
C1_cojutti,T2_point_4,31–60,R8,90.3,yes,76.58
C1_cojutti,T2_point_4,61–90,R9,1.8,no,67.94
C1_cojutti,T2_point_4,61–90,R10,98.2,yes,75.31
C1_cojutti,T2_point_4,91–120,R11,14.2,no,72.15
C1_cojutti,T2_point_4,91–120,R12,85.8,yes,74.99
C1_cojutti,T2_point_4,121–150,R13,100.0,yes,70.73
C1_cojutti,T3_discrete,0–30,R1,62.1,no,75.14
C1_cojutti,T3_discrete,0–30,R2,38.0,yes,74.75
C1_cojutti,T3_discrete,31–60,R5,0.4,no,71.1
C1_cojutti,T3_discrete,31–60,R6,22.9,no,78.77
C1_cojutti,T3_discrete,31–60,R7,42.2,no,84.46
C1_cojutti,T3_discrete,31–60,R8,34.5,yes,83.07
C1_cojutti,T3_discrete,61–90,R9,63.7,no,82.93
C1_cojutti,T3_discrete,61–90,R10,36.3,yes,82.33
C1_cojutti,T3_discrete,91–120,R11,69.6,no,84.01
C1_cojutti,T3_discrete,91–120,R12,30.4,yes,81.69
C1_cojutti,T3_discrete,121–150,R13,100.0,yes,82.83
C1_cojutti,T4_uniform,0–30,R1,51.8,no,74.61
C1_cojutti,T4_uniform,0–30,R2,48.1,yes,74.64
C1_cojutti,T4_uniform,31–60,R5,0.1,no,68.06
C1_cojutti,T4_uniform,31–60,R6,12.3,no,77.79
C1_cojutti,T4_uniform,31–60,R7,55.6,no,84.5
C1_cojutti,T4_uniform,31–60,R8,31.9,yes,83.07
C1_cojutti,T4_uniform,61–90,R9,57.0,no,82.78
C1_cojutti,T4_uniform,61–90,R10,43.0,yes,82.28
C1_cojutti,T4_uniform,91–120,R11,75.2,no,84.07
C1_cojutti,T4_uniform,91–120,R12,24.8,yes,81.72
C1_cojutti,T4_uniform,121–150,R13,100.0,yes,82.89
C1_cojutti,T5_triangular,0–30,R1,70.3,no,77.73
C1_cojutti,T5_triangular,0–30,R2,29.7,yes,76.31
C1_cojutti,T5_triangular,31–60,R5,0.2,no,75.26
C1_cojutti,T5_triangular,31–60,R6,18.8,no,83.01
C1_cojutti,T5_triangular,31–60,R7,63.4,no,87.18
C1_cojutti,T5_triangular,31–60,R8,17.5,yes,84.57
C1_cojutti,T5_triangular,61–90,R9,75.9,no,86.32
C1_cojutti,T5_triangular,61–90,R10,24.1,yes,83.9
C1_cojutti,T5_triangular,91–120,R11,89.1,no,86.85
C1_cojutti,T5_triangular,91–120,R12,10.8,yes,83.26
C1_cojutti,T5_triangular,121–150,R13,100.0,yes,85.73
C1_cojutti,T6_lognormal,0–30,R1,76.2,no,77.78
C1_cojutti,T6_lognormal,0–30,R2,23.8,yes,76.04
C1_cojutti,T6_lognormal,31–60,R5,0.2,no,76.98
C1_cojutti,T6_lognormal,31–60,R6,25.1,no,83.31
C1_cojutti,T6_lognormal,31–60,R7,57.4,no,86.72
C1_cojutti,T6_lognormal,31–60,R8,17.2,yes,84.19
C1_cojutti,T6_lognormal,61–90,R9,79.3,no,85.96
C1_cojutti,T6_lognormal,61–90,R10,20.7,yes,83.51
C1_cojutti,T6_lognormal,91–120,R11,87.2,no,86.3
C1_cojutti,T6_lognormal,91–120,R12,12.8,yes,82.8
C1_cojutti,T6_lognormal,121–150,R13,100.0,yes,85.22
C1_cojutti,T7_coleman_evidence,0–30,R1,93.0,no,82.19
C1_cojutti,T7_coleman_evidence,0–30,R2,7.0,yes,78.6
C1_cojutti,T7_coleman_evidence,31–60,R5,0.7,no,86.66
C1_cojutti,T7_coleman_evidence,31–60,R6,38.4,no,90.31
C1_cojutti,T7_coleman_evidence,31–60,R7,57.2,no,90.71
C1_cojutti,T7_coleman_evidence,31–60,R8,3.8,yes,86.66
C1_cojutti,T7_coleman_evidence,61–90,R9,96.5,no,91.09
C1_cojutti,T7_coleman_evidence,61–90,R10,3.5,yes,86.19
C1_cojutti,T7_coleman_evidence,91–120,R11,98.6,no,90.44
C1_cojutti,T7_coleman_evidence,91–120,R12,1.4,yes,85.34
C1_cojutti,T7_coleman_evidence,121–150,R13,100.0,yes,89.4
C2_model1,T1_point_1,0–30,R1,90.6,no,81.26
C2_model1,T1_point_1,0–30,R2,9.3,yes,78.27
C2_model1,T1_point_1,31–60,R5,0.1,no,83.77
C2_model1,T1_point_1,31–60,R6,30.0,no,88.63
C2_model1,T1_point_1,31–60,R7,63.2,no,89.96
C2_model1,T1_point_1,31–60,R8,6.8,yes,86.27
C2_model1,T1_point_1,61–90,R9,93.8,no,90.11
C2_model1,T1_point_1,61–90,R10,6.2,yes,85.77
C2_model1,T1_point_1,91–120,R11,97.0,no,89.7
C2_model1,T1_point_1,91–120,R12,3.0,yes,84.91
C2_model1,T1_point_1,121–150,R13,100.0,yes,88.74
C2_model1,T2_point_4,0–30,R1,2.1,no,61.6
C2_model1,T2_point_4,0–30,R2,97.9,yes,67.4
C2_model1,T2_point_4,31–60,R5,0.0,no,41.08
C2_model1,T2_point_4,31–60,R6,0.0,no,56.4
C2_model1,T2_point_4,31–60,R7,8.1,no,72.44
C2_model1,T2_point_4,31–60,R8,92.0,yes,76.12
C2_model1,T2_point_4,61–90,R9,0.9,no,67.08
C2_model1,T2_point_4,61–90,R10,99.1,yes,74.71
C2_model1,T2_point_4,91–120,R11,11.9,no,71.58
C2_model1,T2_point_4,91–120,R12,88.1,yes,74.63
C2_model1,T2_point_4,121–150,R13,100.0,yes,70.59
C2_model1,T3_discrete,0–30,R1,61.6,no,74.86
C2_model1,T3_discrete,0–30,R2,38.4,yes,74.59
C2_model1,T3_discrete,31–60,R5,0.4,no,70.37
C2_model1,T3_discrete,31–60,R6,22.4,no,78.31
C2_model1,T3_discrete,31–60,R7,42.6,no,84.22
C2_model1,T3_discrete,31–60,R8,34.7,yes,82.88
C2_model1,T3_discrete,61–90,R9,63.5,no,82.61
C2_model1,T3_discrete,61–90,R10,36.5,yes,82.12
C2_model1,T3_discrete,91–120,R11,68.9,no,83.76
C2_model1,T3_discrete,91–120,R12,31.1,yes,81.54
C2_model1,T3_discrete,121–150,R13,100.0,yes,82.78
C2_model1,T4_uniform,0–30,R1,49.4,no,74.12
C2_model1,T4_uniform,0–30,R2,50.6,yes,74.39
C2_model1,T4_uniform,31–60,R5,0.1,no,66.95
C2_model1,T4_uniform,31–60,R6,10.9,no,77.03
C2_model1,T4_uniform,31–60,R7,55.4,no,84.09
C2_model1,T4_uniform,31–60,R8,33.7,yes,82.81
C2_model1,T4_uniform,61–90,R9,53.4,no,82.24
C2_model1,T4_uniform,61–90,R10,46.6,yes,82.09
C2_model1,T4_uniform,91–120,R11,74.4,no,83.69
C2_model1,T4_uniform,91–120,R12,25.7,yes,81.49
C2_model1,T4_uniform,121–150,R13,100.0,yes,82.79
C2_model1,T5_triangular,0–30,R1,67.3,no,77.32
C2_model1,T5_triangular,0–30,R2,32.6,yes,76.13
C2_model1,T5_triangular,31–60,R5,0.1,no,74.25
C2_model1,T5_triangular,31–60,R6,17.2,no,82.38
C2_model1,T5_triangular,31–60,R7,63.9,no,86.86
C2_model1,T5_triangular,31–60,R8,18.8,yes,84.39
C2_model1,T5_triangular,61–90,R9,73.5,no,85.95
C2_model1,T5_triangular,61–90,R10,26.6,yes,83.81
C2_model1,T5_triangular,91–120,R11,89.0,no,86.55
C2_model1,T5_triangular,91–120,R12,11.0,yes,83.07
C2_model1,T5_triangular,121–150,R13,100.0,yes,85.66
C2_model1,T6_lognormal,0–30,R1,74.1,no,77.53
C2_model1,T6_lognormal,0–30,R2,25.9,yes,75.93
C2_model1,T6_lognormal,31–60,R5,0.2,no,76.31
C2_model1,T6_lognormal,31–60,R6,23.7,no,82.89
C2_model1,T6_lognormal,31–60,R7,58.4,no,86.5
C2_model1,T6_lognormal,31–60,R8,17.7,yes,84.07
C2_model1,T6_lognormal,61–90,R9,78.0,no,85.73
C2_model1,T6_lognormal,61–90,R10,22.1,yes,83.42
C2_model1,T6_lognormal,91–120,R11,87.0,no,86.1
C2_model1,T6_lognormal,91–120,R12,13.1,yes,82.68
C2_model1,T6_lognormal,121–150,R13,100.0,yes,85.19
C2_model1,T7_coleman_evidence,0–30,R1,93.0,no,82.18
C2_model1,T7_coleman_evidence,0–30,R2,7.0,yes,78.6
C2_model1,T7_coleman_evidence,31–60,R5,0.7,no,86.63
C2_model1,T7_coleman_evidence,31–60,R6,38.1,no,90.3
C2_model1,T7_coleman_evidence,31–60,R7,57.5,no,90.7
C2_model1,T7_coleman_evidence,31–60,R8,3.8,yes,86.65
C2_model1,T7_coleman_evidence,61–90,R9,96.5,no,91.09
C2_model1,T7_coleman_evidence,61–90,R10,3.5,yes,86.19
C2_model1,T7_coleman_evidence,91–120,R11,98.6,no,90.44
C2_model1,T7_coleman_evidence,91–120,R12,1.4,yes,85.34
C2_model1,T7_coleman_evidence,121–150,R13,100.0,yes,89.41
C3_agnostic,T1_point_1,0–30,R1,90.7,no,81.37
C3_agnostic,T1_point_1,0–30,R2,9.3,yes,78.4
C3_agnostic,T1_point_1,31–60,R5,0.1,no,83.88
C3_agnostic,T1_point_1,31–60,R6,28.3,no,88.79
C3_agnostic,T1_point_1,31–60,R7,66.0,no,90.17
C3_agnostic,T1_point_1,31–60,R8,5.7,yes,86.46
C3_agnostic,T1_point_1,61–90,R9,94.2,no,90.28
C3_agnostic,T1_point_1,61–90,R10,5.9,yes,85.92
C3_agnostic,T1_point_1,91–120,R11,98.0,no,89.85
C3_agnostic,T1_point_1,91–120,R12,2.0,yes,85.04
C3_agnostic,T1_point_1,121–150,R13,100.0,yes,88.87
C3_agnostic,T2_point_4,0–30,R1,1.7,no,61.57
C3_agnostic,T2_point_4,0–30,R2,98.4,yes,67.44
C3_agnostic,T2_point_4,31–60,R5,0.0,no,40.99
C3_agnostic,T2_point_4,31–60,R6,0.0,no,56.37
C3_agnostic,T2_point_4,31–60,R7,7.0,no,72.62
C3_agnostic,T2_point_4,31–60,R8,93.0,yes,76.34
C3_agnostic,T2_point_4,61–90,R9,0.5,no,67.13
C3_agnostic,T2_point_4,61–90,R10,99.5,yes,74.91
C3_agnostic,T2_point_4,91–120,R11,12.0,no,71.64
C3_agnostic,T2_point_4,91–120,R12,88.0,yes,74.76
C3_agnostic,T2_point_4,121–150,R13,100.0,yes,70.71
C3_agnostic,T3_discrete,0–30,R1,61.0,no,74.64
C3_agnostic,T3_discrete,0–30,R2,39.0,yes,74.49
C3_agnostic,T3_discrete,31–60,R5,0.2,no,69.96
C3_agnostic,T3_discrete,31–60,R6,22.6,no,77.99
C3_agnostic,T3_discrete,31–60,R7,42.2,no,84.01
C3_agnostic,T3_discrete,31–60,R8,34.9,yes,82.7
C3_agnostic,T3_discrete,61–90,R9,63.5,no,82.38
C3_agnostic,T3_discrete,61–90,R10,36.5,yes,81.91
C3_agnostic,T3_discrete,91–120,R11,68.3,no,83.55
C3_agnostic,T3_discrete,91–120,R12,31.6,yes,81.3
C3_agnostic,T3_discrete,121–150,R13,100.0,yes,82.57
C3_agnostic,T4_uniform,0–30,R1,46.7,no,73.79
C3_agnostic,T4_uniform,0–30,R2,53.3,yes,74.3
C3_agnostic,T4_uniform,31–60,R5,0.2,no,66.14
C3_agnostic,T4_uniform,31–60,R6,10.7,no,76.46
C3_agnostic,T4_uniform,31–60,R7,52.7,no,83.83
C3_agnostic,T4_uniform,31–60,R8,36.4,yes,82.7
C3_agnostic,T4_uniform,61–90,R9,52.0,no,81.85
C3_agnostic,T4_uniform,61–90,R10,47.9,yes,81.94
C3_agnostic,T4_uniform,91–120,R11,72.8,no,83.38
C3_agnostic,T4_uniform,91–120,R12,27.2,yes,81.32
C3_agnostic,T4_uniform,121–150,R13,100.0,yes,82.5
C3_agnostic,T5_triangular,0–30,R1,64.8,no,77.09
C3_agnostic,T5_triangular,0–30,R2,35.2,yes,76.1
C3_agnostic,T5_triangular,31–60,R5,0.2,no,73.59
C3_agnostic,T5_triangular,31–60,R6,16.1,no,81.96
C3_agnostic,T5_triangular,31–60,R7,63.0,no,86.69
C3_agnostic,T5_triangular,31–60,R8,20.8,yes,84.32
C3_agnostic,T5_triangular,61–90,R9,70.5,no,85.66
C3_agnostic,T5_triangular,61–90,R10,29.5,yes,83.71
C3_agnostic,T5_triangular,91–120,R11,86.8,no,86.33
C3_agnostic,T5_triangular,91–120,R12,13.2,yes,82.97
C3_agnostic,T5_triangular,121–150,R13,100.0,yes,85.44
C3_agnostic,T6_lognormal,0–30,R1,75.6,no,78.01
C3_agnostic,T6_lognormal,0–30,R2,24.4,yes,76.26
C3_agnostic,T6_lognormal,31–60,R5,0.4,no,77.15
C3_agnostic,T6_lognormal,31–60,R6,23.9,no,83.68
C3_agnostic,T6_lognormal,31–60,R7,59.8,no,87.11
C3_agnostic,T6_lognormal,31–60,R8,16.0,yes,84.47
C3_agnostic,T6_lognormal,61–90,R9,80.2,no,86.46
C3_agnostic,T6_lognormal,61–90,R10,19.9,yes,83.9
C3_agnostic,T6_lognormal,91–120,R11,88.3,no,86.75
C3_agnostic,T6_lognormal,91–120,R12,11.7,yes,83.16
C3_agnostic,T6_lognormal,121–150,R13,100.0,yes,85.85
C3_agnostic,T7_coleman_evidence,0–30,R1,93.2,no,82.17
C3_agnostic,T7_coleman_evidence,0–30,R2,6.9,yes,78.59
C3_agnostic,T7_coleman_evidence,31–60,R5,0.6,no,86.56
C3_agnostic,T7_coleman_evidence,31–60,R6,39.3,no,90.2
C3_agnostic,T7_coleman_evidence,31–60,R7,56.8,no,90.57
C3_agnostic,T7_coleman_evidence,31–60,R8,3.4,yes,86.48
C3_agnostic,T7_coleman_evidence,61–90,R9,96.9,no,90.95
C3_agnostic,T7_coleman_evidence,61–90,R10,3.1,yes,85.99
C3_agnostic,T7_coleman_evidence,91–120,R11,98.6,no,90.29
C3_agnostic,T7_coleman_evidence,91–120,R12,1.4,yes,85.11
C3_agnostic,T7_coleman_evidence,121–150,R13,100.0,yes,89.23
