rho_scenario,target_scenario,regimen,ekfc_class,joint_cfr_median,joint_cfr_p2.5,joint_cfr_p97.5,prediction_interval_width_pp,p_permissible_pct,p_joint_cfr_ge_80_pct
C1_cojutti,T1_point_1,R1,0–30,92.69,85.18,96.78,11.59,82.2,99.9
C1_cojutti,T1_point_1,R2,0–30,96.64,91.0,98.73,7.73,34.6,100.0
C1_cojutti,T1_point_1,R5,31–60,85.72,76.34,91.86,15.52,99.9,89.5
C1_cojutti,T1_point_1,R6,31–60,91.48,83.09,95.88,12.79,99.2,99.4
C1_cojutti,T1_point_1,R7,31–60,96.23,89.74,98.46,8.72,93.0,100.0
C1_cojutti,T1_point_1,R8,31–60,97.98,93.09,99.15,6.06,72.2,100.0
C1_cojutti,T1_point_1,R9,61–90,95.41,88.44,98.18,9.74,96.0,100.0
C1_cojutti,T1_point_1,R10,61–90,98.09,93.07,99.22,6.15,69.0,100.0
C1_cojutti,T1_point_1,R11,91–120,97.06,91.1,98.79,7.68,90.6,100.0
C1_cojutti,T1_point_1,R12,91–120,98.41,94.04,99.3,5.26,62.4,100.0
C1_cojutti,T1_point_1,R13,121–150,97.26,91.09,98.97,7.88,86.4,100.0
C1_cojutti,T2_point_4,R1,0–30,73.34,59.84,84.29,24.45,82.2,13.4
C1_cojutti,T2_point_4,R2,0–30,85.93,74.8,94.55,19.75,34.6,84.7
C1_cojutti,T2_point_4,R5,31–60,43.98,31.33,53.2,21.87,99.9,0.0
C1_cojutti,T2_point_4,R6,31–60,58.95,49.54,72.2,22.66,99.2,0.1
C1_cojutti,T2_point_4,R7,31–60,78.65,65.56,91.92,26.35,93.0,42.0
C1_cojutti,T2_point_4,R8,31–60,88.61,73.94,97.1,23.16,72.2,87.4
C1_cojutti,T2_point_4,R9,61–90,72.2,61.42,87.02,25.6,96.0,13.9
C1_cojutti,T2_point_4,R10,61–90,87.91,73.5,97.0,23.5,69.0,84.4
C1_cojutti,T2_point_4,R11,91–120,78.77,65.46,92.36,26.9,90.6,43.5
C1_cojutti,T2_point_4,R12,91–120,88.54,74.54,97.82,23.29,62.4,88.3
C1_cojutti,T2_point_4,R13,121–150,78.42,64.11,94.11,30.0,86.4,42.4
C1_cojutti,T3_discrete,R1,0–30,90.86,62.9,96.69,33.8,81.9,71.2
C1_cojutti,T3_discrete,R2,0–30,95.45,77.37,98.68,21.32,34.2,94.8
C1_cojutti,T3_discrete,R5,31–60,83.76,35.71,92.0,56.28,99.7,61.9
C1_cojutti,T3_discrete,R6,31–60,89.58,51.83,95.8,43.96,99.1,66.4
C1_cojutti,T3_discrete,R7,31–60,94.94,68.39,98.38,29.99,93.8,80.2
C1_cojutti,T3_discrete,R8,31–60,97.14,77.47,99.1,21.63,72.4,95.7
C1_cojutti,T3_discrete,R9,61–90,94.02,63.85,98.07,34.22,95.7,70.9
C1_cojutti,T3_discrete,R10,61–90,97.26,77.51,99.17,21.65,68.7,95.0
C1_cojutti,T3_discrete,R11,91–120,96.08,68.82,98.76,29.94,89.7,79.9
C1_cojutti,T3_discrete,R12,91–120,97.77,78.87,99.28,20.41,64.0,96.5
C1_cojutti,T3_discrete,R13,121–150,96.26,67.53,98.94,31.41,85.5,79.7
C1_cojutti,T4_uniform,R1,0–30,86.97,69.17,95.95,26.78,81.3,76.8
C1_cojutti,T4_uniform,R2,0–30,93.97,80.17,98.41,18.24,32.6,97.7
C1_cojutti,T4_uniform,R5,31–60,70.58,42.63,90.41,47.79,99.9,30.1
C1_cojutti,T4_uniform,R6,31–60,82.3,57.4,95.05,37.65,99.1,54.8
C1_cojutti,T4_uniform,R7,31–60,92.27,72.73,98.13,25.4,93.3,90.1
C1_cojutti,T4_uniform,R8,31–60,96.03,81.27,99.01,17.74,70.3,98.2
C1_cojutti,T4_uniform,R9,61–90,89.92,68.15,97.75,29.6,95.9,79.6
C1_cojutti,T4_uniform,R10,61–90,95.94,80.68,99.09,18.41,67.4,97.9
C1_cojutti,T4_uniform,R11,91–120,93.13,73.74,98.55,24.81,90.1,90.4
C1_cojutti,T4_uniform,R12,91–120,96.75,82.13,99.2,17.07,61.3,98.4
C1_cojutti,T4_uniform,R13,121–150,93.67,72.44,98.74,26.3,85.8,88.6
C1_cojutti,T5_triangular,R1,0–30,89.99,74.37,96.2,21.83,81.3,91.3
C1_cojutti,T5_triangular,R2,0–30,95.4,84.06,98.5,14.45,32.6,99.4
C1_cojutti,T5_triangular,R5,31–60,79.22,50.42,91.18,40.76,99.9,47.3
C1_cojutti,T5_triangular,R6,31–60,87.48,63.67,95.36,31.69,99.1,76.4
C1_cojutti,T5_triangular,R7,31–60,94.49,78.48,98.25,19.77,93.3,96.7
C1_cojutti,T5_triangular,R8,31–60,97.1,85.51,99.05,13.53,70.3,99.4
C1_cojutti,T5_triangular,R9,61–90,93.03,74.11,97.93,23.82,95.9,92.7
C1_cojutti,T5_triangular,R10,61–90,97.09,85.08,99.15,14.07,67.4,99.3
C1_cojutti,T5_triangular,R11,91–120,95.51,79.0,98.66,19.66,90.1,97.0
C1_cojutti,T5_triangular,R12,91–120,97.69,86.27,99.25,12.98,61.3,99.5
C1_cojutti,T5_triangular,R13,121–150,95.7,78.02,98.85,20.84,85.8,96.3
C1_cojutti,T6_lognormal,R1,0–30,91.68,56.93,96.78,39.85,81.8,89.6
C1_cojutti,T6_lognormal,R2,0–30,96.1,74.16,98.69,24.53,33.2,95.8
C1_cojutti,T6_lognormal,R5,31–60,84.11,27.2,92.45,65.25,99.8,65.9
C1_cojutti,T6_lognormal,R6,31–60,90.23,41.17,96.05,54.88,99.2,81.8
C1_cojutti,T6_lognormal,R7,31–60,95.62,60.58,98.46,37.88,93.2,92.6
C1_cojutti,T6_lognormal,R8,31–60,97.62,73.27,99.14,25.87,71.6,96.0
C1_cojutti,T6_lognormal,R9,61–90,94.63,52.4,98.16,45.76,95.5,89.6
C1_cojutti,T6_lognormal,R10,61–90,97.75,72.17,99.2,27.02,69.0,95.7
C1_cojutti,T6_lognormal,R11,91–120,96.56,60.41,98.78,38.37,90.1,92.8
C1_cojutti,T6_lognormal,R12,91–120,98.16,72.77,99.29,26.52,62.5,95.9
C1_cojutti,T6_lognormal,R13,121–150,96.81,60.75,98.96,38.21,86.4,91.9
C1_cojutti,T7_coleman_evidence,R1,0–30,93.69,85.48,97.27,11.8,81.9,99.9
C1_cojutti,T7_coleman_evidence,R2,0–30,97.09,91.26,98.84,7.58,34.2,100.0
C1_cojutti,T7_coleman_evidence,R5,31–60,88.23,78.75,92.98,14.23,99.7,96.2
C1_cojutti,T7_coleman_evidence,R6,31–60,93.11,84.24,96.28,12.04,99.1,99.5
C1_cojutti,T7_coleman_evidence,R7,31–60,96.89,90.1,98.57,8.47,93.8,100.0
C1_cojutti,T7_coleman_evidence,R8,31–60,98.31,93.38,99.19,5.81,72.4,100.0
C1_cojutti,T7_coleman_evidence,R9,61–90,96.4,89.44,98.38,8.94,95.7,100.0
C1_cojutti,T7_coleman_evidence,R10,61–90,98.42,93.77,99.26,5.49,68.7,100.0
C1_cojutti,T7_coleman_evidence,R11,91–120,97.64,92.03,98.95,6.93,89.7,100.0
C1_cojutti,T7_coleman_evidence,R12,91–120,98.68,94.64,99.36,4.72,64.0,100.0
C1_cojutti,T7_coleman_evidence,R13,121–150,97.88,92.14,99.12,6.98,85.5,100.0
C2_model1,T1_point_1,R1,0–30,92.58,84.78,96.76,11.97,82.2,99.9
C2_model1,T1_point_1,R2,0–30,96.6,90.73,98.72,7.99,34.6,100.0
C2_model1,T1_point_1,R5,31–60,85.27,74.82,91.72,16.9,99.9,85.9
C2_model1,T1_point_1,R6,31–60,91.25,81.92,95.76,13.84,99.2,99.2
C2_model1,T1_point_1,R7,31–60,96.12,89.16,98.44,9.28,93.0,100.0
C2_model1,T1_point_1,R8,31–60,97.92,92.83,99.15,6.32,72.2,100.0
C2_model1,T1_point_1,R9,61–90,95.4,87.54,98.2,10.66,96.0,100.0
C2_model1,T1_point_1,R10,61–90,98.1,92.86,99.23,6.37,69.0,100.0
C2_model1,T1_point_1,R11,91–120,96.96,90.58,98.81,8.23,90.6,100.0
C2_model1,T1_point_1,R12,91–120,98.38,93.81,99.31,5.5,62.4,100.0
C2_model1,T1_point_1,R13,121–150,97.28,90.89,98.99,8.1,86.4,100.0
C2_model1,T2_point_4,R1,0–30,72.55,59.62,83.92,24.3,82.2,11.5
C2_model1,T2_point_4,R2,0–30,85.46,74.21,94.29,20.08,34.6,84.0
C2_model1,T2_point_4,R5,31–60,42.54,29.88,51.81,21.93,99.9,0.0
C2_model1,T2_point_4,R6,31–60,57.88,48.33,71.6,23.27,99.2,0.1
C2_model1,T2_point_4,R7,31–60,78.31,65.03,91.35,26.32,93.0,40.3
C2_model1,T2_point_4,R8,31–60,87.9,73.47,96.92,23.46,72.2,86.7
C2_model1,T2_point_4,R9,61–90,71.45,60.57,85.92,25.35,96.0,11.8
C2_model1,T2_point_4,R10,61–90,86.87,72.99,97.09,24.09,69.0,82.2
C2_model1,T2_point_4,R11,91–120,78.1,65.02,91.92,26.9,90.6,40.0
C2_model1,T2_point_4,R12,91–120,88.21,74.18,97.57,23.39,62.4,87.5
C2_model1,T2_point_4,R13,121–150,78.33,63.71,93.99,30.28,86.4,41.6
C2_model1,T3_discrete,R1,0–30,90.66,62.63,96.66,34.04,81.9,70.6
C2_model1,T3_discrete,R2,0–30,95.39,77.23,98.66,21.44,34.2,94.4
C2_model1,T3_discrete,R5,31–60,83.31,34.16,91.91,57.75,99.7,59.9
C2_model1,T3_discrete,R6,31–60,89.35,50.97,95.74,44.77,99.1,66.3
C2_model1,T3_discrete,R7,31–60,94.83,67.75,98.37,30.63,93.8,79.5
C2_model1,T3_discrete,R8,31–60,97.05,77.32,99.11,21.79,72.4,95.3
C2_model1,T3_discrete,R9,61–90,94.01,62.77,98.09,35.32,95.7,70.1
C2_model1,T3_discrete,R10,61–90,97.27,76.79,99.17,22.39,68.7,94.4
C2_model1,T3_discrete,R11,91–120,95.92,68.37,98.76,30.4,89.7,79.0
C2_model1,T3_discrete,R12,91–120,97.72,78.05,99.28,21.23,64.0,96.2
C2_model1,T3_discrete,R13,121–150,96.25,67.32,98.95,31.63,85.5,79.7
C2_model1,T4_uniform,R1,0–30,86.33,67.79,95.91,28.12,81.3,74.8
C2_model1,T4_uniform,R2,0–30,93.77,79.99,98.41,18.42,32.6,97.5
C2_model1,T4_uniform,R5,31–60,69.22,41.19,90.21,49.02,99.9,27.3
C2_model1,T4_uniform,R6,31–60,81.22,56.51,94.91,38.4,99.1,52.8
C2_model1,T4_uniform,R7,31–60,91.89,71.75,98.13,26.38,93.3,89.3
C2_model1,T4_uniform,R8,31–60,95.82,80.77,99.01,18.24,70.3,98.0
C2_model1,T4_uniform,R9,61–90,89.29,66.92,97.79,30.88,95.9,77.9
C2_model1,T4_uniform,R10,61–90,95.96,79.88,99.1,19.22,67.4,97.4
C2_model1,T4_uniform,R11,91–120,92.76,72.79,98.55,25.76,90.1,89.5
C2_model1,T4_uniform,R12,91–120,96.4,81.85,99.21,17.36,61.3,98.2
C2_model1,T4_uniform,R13,121–150,93.57,72.09,98.8,26.7,85.8,88.6
C2_model1,T5_triangular,R1,0–30,89.65,73.58,96.17,22.59,81.3,90.4
C2_model1,T5_triangular,R2,0–30,95.34,83.54,98.49,14.95,32.6,99.2
C2_model1,T5_triangular,R5,31–60,77.88,48.94,90.98,42.05,99.9,43.0
C2_model1,T5_triangular,R6,31–60,86.81,62.56,95.25,32.69,99.1,74.4
C2_model1,T5_triangular,R7,31–60,94.26,77.87,98.25,20.37,93.3,96.4
C2_model1,T5_triangular,R8,31–60,96.94,85.0,99.04,14.04,70.3,99.2
C2_model1,T5_triangular,R9,61–90,92.91,73.47,97.93,24.46,95.9,91.0
C2_model1,T5_triangular,R10,61–90,97.17,84.08,99.15,15.07,67.4,99.0
C2_model1,T5_triangular,R11,91–120,95.16,78.16,98.66,20.5,90.1,96.5
C2_model1,T5_triangular,R12,91–120,97.56,85.81,99.25,13.45,61.3,99.4
C2_model1,T5_triangular,R13,121–150,95.7,77.39,98.88,21.49,85.8,96.2
C2_model1,T6_lognormal,R1,0–30,91.53,57.06,96.77,39.72,81.8,88.9
C2_model1,T6_lognormal,R2,0–30,96.06,73.33,98.7,25.37,33.2,95.7
C2_model1,T6_lognormal,R5,31–60,83.51,25.64,92.39,66.75,99.8,62.7
C2_model1,T6_lognormal,R6,31–60,89.98,39.64,95.96,56.32,99.2,80.9
C2_model1,T6_lognormal,R7,31–60,95.52,59.96,98.46,38.49,93.2,92.3
C2_model1,T6_lognormal,R8,31–60,97.56,72.6,99.15,26.55,71.6,96.0
C2_model1,T6_lognormal,R9,61–90,94.6,51.83,98.17,46.34,95.5,88.9
C2_model1,T6_lognormal,R10,61–90,97.78,72.07,99.21,27.14,69.0,95.6
C2_model1,T6_lognormal,R11,91–120,96.45,59.85,98.78,38.94,90.1,92.5
C2_model1,T6_lognormal,R12,91–120,98.1,73.35,99.29,25.94,62.5,95.9
C2_model1,T6_lognormal,R13,121–150,96.8,60.28,98.97,38.69,86.4,91.9
C2_model1,T7_coleman_evidence,R1,0–30,93.69,85.49,97.26,11.77,81.9,99.9
C2_model1,T7_coleman_evidence,R2,0–30,97.09,91.26,98.85,7.58,34.2,100.0
C2_model1,T7_coleman_evidence,R5,31–60,88.19,78.75,92.96,14.21,99.7,96.2
C2_model1,T7_coleman_evidence,R6,31–60,93.1,84.24,96.26,12.02,99.1,99.5
C2_model1,T7_coleman_evidence,R7,31–60,96.87,90.07,98.57,8.5,93.8,100.0
C2_model1,T7_coleman_evidence,R8,31–60,98.31,93.38,99.19,5.82,72.4,100.0
C2_model1,T7_coleman_evidence,R9,61–90,96.4,89.44,98.38,8.94,95.7,100.0
C2_model1,T7_coleman_evidence,R10,61–90,98.42,93.77,99.26,5.49,68.7,100.0
C2_model1,T7_coleman_evidence,R11,91–120,97.64,92.03,98.96,6.93,89.7,100.0
C2_model1,T7_coleman_evidence,R12,91–120,98.68,94.64,99.36,4.72,64.0,100.0
C2_model1,T7_coleman_evidence,R13,121–150,97.89,92.14,99.12,6.98,85.5,100.0
C3_agnostic,T1_point_1,R1,0–30,92.58,84.28,96.62,12.34,83.5,99.8
C3_agnostic,T1_point_1,R2,0–30,96.64,90.58,98.69,8.11,34.4,99.9
C3_agnostic,T1_point_1,R5,31–60,85.45,74.85,91.54,16.69,99.8,85.3
C3_agnostic,T1_point_1,R6,31–60,91.44,81.8,95.64,13.84,99.3,98.9
C3_agnostic,T1_point_1,R7,31–60,96.23,89.18,98.38,9.2,94.1,99.9
C3_agnostic,T1_point_1,R8,31–60,98.0,92.75,99.12,6.38,74.7,100.0
C3_agnostic,T1_point_1,R9,61–90,95.52,87.79,98.12,10.33,96.1,99.9
C3_agnostic,T1_point_1,R10,61–90,98.15,93.08,99.19,6.11,70.1,100.0
C3_agnostic,T1_point_1,R11,91–120,97.05,90.69,98.75,8.06,90.2,99.9
C3_agnostic,T1_point_1,R12,91–120,98.42,93.9,99.29,5.38,63.7,100.0
C3_agnostic,T1_point_1,R13,121–150,97.34,90.86,98.96,8.11,86.4,99.9
C3_agnostic,T2_point_4,R1,0–30,72.48,58.39,84.28,25.89,83.5,12.4
C3_agnostic,T2_point_4,R2,0–30,85.49,73.77,94.81,21.04,34.4,83.6
C3_agnostic,T2_point_4,R5,31–60,42.21,29.67,52.16,22.5,99.8,0.0
C3_agnostic,T2_point_4,R6,31–60,57.75,48.36,71.02,22.66,99.3,0.1
C3_agnostic,T2_point_4,R7,31–60,78.02,64.97,91.17,26.2,94.1,40.2
C3_agnostic,T2_point_4,R8,31–60,87.78,73.71,96.96,23.25,74.7,87.1
C3_agnostic,T2_point_4,R9,61–90,71.17,60.39,85.24,24.85,96.1,11.7
C3_agnostic,T2_point_4,R10,61–90,86.69,73.9,96.95,23.06,70.1,83.2
C3_agnostic,T2_point_4,R11,91–120,78.01,65.48,91.65,26.17,90.2,40.5
C3_agnostic,T2_point_4,R12,91–120,88.08,74.82,97.5,22.68,63.7,87.5
C3_agnostic,T2_point_4,R13,121–150,78.37,64.43,93.44,29.01,86.4,42.1
C3_agnostic,T3_discrete,R1,0–30,90.58,61.83,96.56,34.73,81.5,70.2
C3_agnostic,T3_discrete,R2,0–30,95.27,76.54,98.62,22.09,33.9,93.8
C3_agnostic,T3_discrete,R5,31–60,83.18,33.15,91.98,58.83,99.8,59.2
C3_agnostic,T3_discrete,R6,31–60,89.21,50.12,95.8,45.68,99.3,65.8
C3_agnostic,T3_discrete,R7,31–60,94.66,67.21,98.38,31.18,93.2,79.2
C3_agnostic,T3_discrete,R8,31–60,96.94,77.61,99.12,21.51,72.3,95.1
C3_agnostic,T3_discrete,R9,61–90,93.84,62.35,98.14,35.78,95.9,70.2
C3_agnostic,T3_discrete,R10,61–90,97.13,76.98,99.19,22.21,68.8,93.7
C3_agnostic,T3_discrete,R11,91–120,95.79,68.16,98.79,30.62,89.8,79.4
C3_agnostic,T3_discrete,R12,91–120,97.6,78.18,99.29,21.11,63.1,95.8
C3_agnostic,T3_discrete,R13,121–150,96.1,66.97,98.98,32.01,85.1,80.2
C3_agnostic,T4_uniform,R1,0–30,85.9,68.03,95.63,27.61,81.3,72.4
C3_agnostic,T4_uniform,R2,0–30,93.58,80.16,98.36,18.2,33.5,97.5
C3_agnostic,T4_uniform,R5,31–60,67.64,40.51,90.03,49.52,100.0,26.7
C3_agnostic,T4_uniform,R6,31–60,80.12,56.23,94.67,38.44,99.3,50.3
C3_agnostic,T4_uniform,R7,31–60,91.56,72.13,98.02,25.89,93.3,88.4
C3_agnostic,T4_uniform,R8,31–60,95.66,81.29,98.95,17.66,71.2,98.2
C3_agnostic,T4_uniform,R9,61–90,88.73,66.93,97.55,30.62,95.9,75.1
C3_agnostic,T4_uniform,R10,61–90,95.83,80.39,99.05,18.66,67.8,97.7
C3_agnostic,T4_uniform,R11,91–120,92.24,72.77,98.43,25.66,90.3,88.3
C3_agnostic,T4_uniform,R12,91–120,96.25,81.68,99.16,17.49,61.3,98.4
C3_agnostic,T4_uniform,R13,121–150,93.18,71.68,98.71,27.03,85.8,87.9
C3_agnostic,T5_triangular,R1,0–30,89.34,73.73,96.1,22.37,81.3,88.8
C3_agnostic,T5_triangular,R2,0–30,95.19,83.84,98.5,14.67,33.5,99.3
C3_agnostic,T5_triangular,R5,31–60,77.28,48.27,90.72,42.45,100.0,40.9
C3_agnostic,T5_triangular,R6,31–60,86.28,62.31,95.15,32.84,99.3,71.7
C3_agnostic,T5_triangular,R7,31–60,94.03,77.6,98.17,20.57,93.3,96.0
C3_agnostic,T5_triangular,R8,31–60,96.87,85.26,99.01,13.76,71.2,99.4
C3_agnostic,T5_triangular,R9,61–90,92.62,72.98,97.8,24.82,95.9,90.7
C3_agnostic,T5_triangular,R10,61–90,97.07,84.45,99.11,14.66,67.8,99.2
C3_agnostic,T5_triangular,R11,91–120,95.0,78.67,98.58,19.91,90.3,96.5
C3_agnostic,T5_triangular,R12,91–120,97.45,85.99,99.23,13.24,61.3,99.4
C3_agnostic,T5_triangular,R13,121–150,95.54,78.04,98.84,20.79,85.8,96.4
C3_agnostic,T6_lognormal,R1,0–30,91.61,65.18,96.61,31.43,80.5,90.1
C3_agnostic,T6_lognormal,R2,0–30,96.08,79.82,98.66,18.84,33.7,97.4
C3_agnostic,T6_lognormal,R5,31–60,83.8,32.0,92.16,60.16,99.7,64.1
C3_agnostic,T6_lognormal,R6,31–60,90.2,48.24,95.85,47.6,99.0,81.2
C3_agnostic,T6_lognormal,R7,31–60,95.61,69.33,98.42,29.09,92.7,93.9
C3_agnostic,T6_lognormal,R8,31–60,97.6,80.33,99.13,18.79,71.9,97.5
C3_agnostic,T6_lognormal,R9,61–90,94.81,59.81,98.13,38.32,95.0,90.8
C3_agnostic,T6_lognormal,R10,61–90,97.82,78.46,99.19,20.73,69.0,97.2
C3_agnostic,T6_lognormal,R11,91–120,96.47,67.03,98.8,31.76,89.8,94.3
C3_agnostic,T6_lognormal,R12,91–120,98.14,80.44,99.31,18.86,63.2,97.5
C3_agnostic,T6_lognormal,R13,121–150,96.81,66.84,98.99,32.15,85.4,94.0
C3_agnostic,T7_coleman_evidence,R1,0–30,93.61,85.68,97.14,11.46,81.5,100.0
C3_agnostic,T7_coleman_evidence,R2,0–30,97.05,91.44,98.81,7.37,33.9,100.0
C3_agnostic,T7_coleman_evidence,R5,31–60,88.07,78.94,93.11,14.17,99.8,96.3
C3_agnostic,T7_coleman_evidence,R6,31–60,92.97,84.32,96.4,12.07,99.3,99.8
C3_agnostic,T7_coleman_evidence,R7,31–60,96.81,90.5,98.61,8.11,93.2,100.0
C3_agnostic,T7_coleman_evidence,R8,31–60,98.28,93.6,99.21,5.61,72.3,100.0
C3_agnostic,T7_coleman_evidence,R9,61–90,96.35,89.64,98.41,8.77,95.9,100.0
C3_agnostic,T7_coleman_evidence,R10,61–90,98.39,93.86,99.27,5.41,68.8,100.0
C3_agnostic,T7_coleman_evidence,R11,91–120,97.6,92.23,98.96,6.74,89.8,100.0
C3_agnostic,T7_coleman_evidence,R12,91–120,98.67,94.91,99.36,4.45,63.1,100.0
C3_agnostic,T7_coleman_evidence,R13,121–150,97.84,92.36,99.12,6.76,85.1,100.0
