rho_scenario,target_scenario,ekfc_class,parameter,evppi_pp
C1_cojutti,T1_point_1,0–30,rho,0.0
C1_cojutti,T1_point_1,31–60,rho,0.0
C1_cojutti,T1_point_1,61–90,rho,0.0
C1_cojutti,T1_point_1,91–120,rho,0.0
C1_cojutti,T1_point_1,121–150,rho,0.0
C1_cojutti,T1_point_1,0–30,cl0_avi,0.0
C1_cojutti,T1_point_1,31–60,cl0_avi,0.0
C1_cojutti,T1_point_1,61–90,cl0_avi,0.0
C1_cojutti,T1_point_1,91–120,cl0_avi,0.0
C1_cojutti,T1_point_1,121–150,cl0_avi,0.0
C1_cojutti,T1_point_1,0–30,omega_avi,0.0
C1_cojutti,T1_point_1,31–60,omega_avi,0.0
C1_cojutti,T1_point_1,61–90,omega_avi,0.0
C1_cojutti,T1_point_1,91–120,omega_avi,0.0
C1_cojutti,T1_point_1,121–150,omega_avi,0.0
C1_cojutti,T1_point_1,0–30,cl0_caz,0.0
C1_cojutti,T1_point_1,31–60,cl0_caz,0.038
C1_cojutti,T1_point_1,61–90,cl0_caz,0.0
C1_cojutti,T1_point_1,91–120,cl0_caz,0.0
C1_cojutti,T1_point_1,121–150,cl0_caz,0.0
C1_cojutti,T1_point_1,0–30,fu_avi,0.0
C1_cojutti,T1_point_1,31–60,fu_avi,0.0
C1_cojutti,T1_point_1,61–90,fu_avi,0.0
C1_cojutti,T1_point_1,91–120,fu_avi,0.0
C1_cojutti,T1_point_1,121–150,fu_avi,0.0
C1_cojutti,T2_point_4,0–30,rho,0.0
C1_cojutti,T2_point_4,31–60,rho,0.0
C1_cojutti,T2_point_4,61–90,rho,0.0
C1_cojutti,T2_point_4,91–120,rho,0.002
C1_cojutti,T2_point_4,121–150,rho,0.0
C1_cojutti,T2_point_4,0–30,cl0_avi,0.0
C1_cojutti,T2_point_4,31–60,cl0_avi,0.0
C1_cojutti,T2_point_4,61–90,cl0_avi,0.0
C1_cojutti,T2_point_4,91–120,cl0_avi,0.001
C1_cojutti,T2_point_4,121–150,cl0_avi,0.0
C1_cojutti,T2_point_4,0–30,omega_avi,0.0
C1_cojutti,T2_point_4,31–60,omega_avi,0.019
C1_cojutti,T2_point_4,61–90,omega_avi,0.002
C1_cojutti,T2_point_4,91–120,omega_avi,0.034
C1_cojutti,T2_point_4,121–150,omega_avi,0.0
C1_cojutti,T2_point_4,0–30,cl0_caz,0.0
C1_cojutti,T2_point_4,31–60,cl0_caz,0.0
C1_cojutti,T2_point_4,61–90,cl0_caz,0.0
C1_cojutti,T2_point_4,91–120,cl0_caz,0.0
C1_cojutti,T2_point_4,121–150,cl0_caz,0.0
C1_cojutti,T2_point_4,0–30,fu_avi,0.0
C1_cojutti,T2_point_4,31–60,fu_avi,0.0
C1_cojutti,T2_point_4,61–90,fu_avi,0.0
C1_cojutti,T2_point_4,91–120,fu_avi,0.0
C1_cojutti,T2_point_4,121–150,fu_avi,0.0
C1_cojutti,T3_discrete,0–30,rho,0.013
C1_cojutti,T3_discrete,31–60,rho,0.002
C1_cojutti,T3_discrete,61–90,rho,0.015
C1_cojutti,T3_discrete,91–120,rho,0.0
C1_cojutti,T3_discrete,121–150,rho,0.0
C1_cojutti,T3_discrete,0–30,target,1.823
C1_cojutti,T3_discrete,31–60,target,1.214
C1_cojutti,T3_discrete,61–90,target,2.467
C1_cojutti,T3_discrete,91–120,target,0.971
C1_cojutti,T3_discrete,121–150,target,0.0
C1_cojutti,T3_discrete,0–30,cl0_avi,0.067
C1_cojutti,T3_discrete,31–60,cl0_avi,0.004
C1_cojutti,T3_discrete,61–90,cl0_avi,0.034
C1_cojutti,T3_discrete,91–120,cl0_avi,0.003
C1_cojutti,T3_discrete,121–150,cl0_avi,0.0
C1_cojutti,T3_discrete,0–30,omega_avi,0.004
C1_cojutti,T3_discrete,31–60,omega_avi,0.0
C1_cojutti,T3_discrete,61–90,omega_avi,0.008
C1_cojutti,T3_discrete,91–120,omega_avi,0.0
C1_cojutti,T3_discrete,121–150,omega_avi,0.0
C1_cojutti,T3_discrete,0–30,cl0_caz,0.146
C1_cojutti,T3_discrete,31–60,cl0_caz,0.015
C1_cojutti,T3_discrete,61–90,cl0_caz,0.226
C1_cojutti,T3_discrete,91–120,cl0_caz,0.0
C1_cojutti,T3_discrete,121–150,cl0_caz,0.0
C1_cojutti,T3_discrete,0–30,fu_avi,0.023
C1_cojutti,T3_discrete,31–60,fu_avi,0.0
C1_cojutti,T3_discrete,61–90,fu_avi,0.001
C1_cojutti,T3_discrete,91–120,fu_avi,0.0
C1_cojutti,T3_discrete,121–150,fu_avi,0.0
C1_cojutti,T4_uniform,0–30,rho,0.087
C1_cojutti,T4_uniform,31–60,rho,0.0
C1_cojutti,T4_uniform,61–90,rho,0.02
C1_cojutti,T4_uniform,91–120,rho,0.0
C1_cojutti,T4_uniform,121–150,rho,0.0
C1_cojutti,T4_uniform,0–30,target,1.164
C1_cojutti,T4_uniform,31–60,target,0.42
C1_cojutti,T4_uniform,61–90,target,1.322
C1_cojutti,T4_uniform,91–120,target,0.242
C1_cojutti,T4_uniform,121–150,target,0.0
C1_cojutti,T4_uniform,0–30,cl0_avi,0.154
C1_cojutti,T4_uniform,31–60,cl0_avi,0.005
C1_cojutti,T4_uniform,61–90,cl0_avi,0.06
C1_cojutti,T4_uniform,91–120,cl0_avi,0.001
C1_cojutti,T4_uniform,121–150,cl0_avi,0.0
C1_cojutti,T4_uniform,0–30,omega_avi,0.088
C1_cojutti,T4_uniform,31–60,omega_avi,0.001
C1_cojutti,T4_uniform,61–90,omega_avi,0.183
C1_cojutti,T4_uniform,91–120,omega_avi,0.0
C1_cojutti,T4_uniform,121–150,omega_avi,0.0
C1_cojutti,T4_uniform,0–30,cl0_caz,0.212
C1_cojutti,T4_uniform,31–60,cl0_caz,0.026
C1_cojutti,T4_uniform,61–90,cl0_caz,0.2
C1_cojutti,T4_uniform,91–120,cl0_caz,0.004
C1_cojutti,T4_uniform,121–150,cl0_caz,0.0
C1_cojutti,T4_uniform,0–30,fu_avi,0.114
C1_cojutti,T4_uniform,31–60,fu_avi,0.0
C1_cojutti,T4_uniform,61–90,fu_avi,0.076
C1_cojutti,T4_uniform,91–120,fu_avi,0.0
C1_cojutti,T4_uniform,121–150,fu_avi,0.0
C1_cojutti,T5_triangular,0–30,rho,0.0
C1_cojutti,T5_triangular,31–60,rho,0.0
C1_cojutti,T5_triangular,61–90,rho,0.0
C1_cojutti,T5_triangular,91–120,rho,0.0
C1_cojutti,T5_triangular,121–150,rho,0.0
C1_cojutti,T5_triangular,0–30,target,0.383
C1_cojutti,T5_triangular,31–60,target,0.084
C1_cojutti,T5_triangular,61–90,target,0.328
C1_cojutti,T5_triangular,91–120,target,0.036
C1_cojutti,T5_triangular,121–150,target,0.0
C1_cojutti,T5_triangular,0–30,cl0_avi,0.002
C1_cojutti,T5_triangular,31–60,cl0_avi,0.0
C1_cojutti,T5_triangular,61–90,cl0_avi,0.0
C1_cojutti,T5_triangular,91–120,cl0_avi,0.0
C1_cojutti,T5_triangular,121–150,cl0_avi,0.0
C1_cojutti,T5_triangular,0–30,omega_avi,0.0
C1_cojutti,T5_triangular,31–60,omega_avi,0.0
C1_cojutti,T5_triangular,61–90,omega_avi,0.0
C1_cojutti,T5_triangular,91–120,omega_avi,0.0
C1_cojutti,T5_triangular,121–150,omega_avi,0.0
C1_cojutti,T5_triangular,0–30,cl0_caz,0.02
C1_cojutti,T5_triangular,31–60,cl0_caz,0.004
C1_cojutti,T5_triangular,61–90,cl0_caz,0.01
C1_cojutti,T5_triangular,91–120,cl0_caz,0.0
C1_cojutti,T5_triangular,121–150,cl0_caz,0.0
C1_cojutti,T5_triangular,0–30,fu_avi,0.0
C1_cojutti,T5_triangular,31–60,fu_avi,0.0
C1_cojutti,T5_triangular,61–90,fu_avi,0.0
C1_cojutti,T5_triangular,91–120,fu_avi,0.0
C1_cojutti,T5_triangular,121–150,fu_avi,0.0
C1_cojutti,T6_lognormal,0–30,rho,0.0
C1_cojutti,T6_lognormal,31–60,rho,0.0
C1_cojutti,T6_lognormal,61–90,rho,0.0
C1_cojutti,T6_lognormal,91–120,rho,0.0
C1_cojutti,T6_lognormal,121–150,rho,0.0
C1_cojutti,T6_lognormal,0–30,target,0.646
C1_cojutti,T6_lognormal,31–60,target,0.55
C1_cojutti,T6_lognormal,61–90,target,0.907
C1_cojutti,T6_lognormal,91–120,target,0.417
C1_cojutti,T6_lognormal,121–150,target,0.0
C1_cojutti,T6_lognormal,0–30,cl0_avi,0.0
C1_cojutti,T6_lognormal,31–60,cl0_avi,0.0
C1_cojutti,T6_lognormal,61–90,cl0_avi,0.0
C1_cojutti,T6_lognormal,91–120,cl0_avi,0.0
C1_cojutti,T6_lognormal,121–150,cl0_avi,0.0
C1_cojutti,T6_lognormal,0–30,omega_avi,0.0
C1_cojutti,T6_lognormal,31–60,omega_avi,0.001
C1_cojutti,T6_lognormal,61–90,omega_avi,0.0
C1_cojutti,T6_lognormal,91–120,omega_avi,0.0
C1_cojutti,T6_lognormal,121–150,omega_avi,0.0
C1_cojutti,T6_lognormal,0–30,cl0_caz,0.002
C1_cojutti,T6_lognormal,31–60,cl0_caz,0.002
C1_cojutti,T6_lognormal,61–90,cl0_caz,0.001
C1_cojutti,T6_lognormal,91–120,cl0_caz,0.0
C1_cojutti,T6_lognormal,121–150,cl0_caz,0.0
C1_cojutti,T6_lognormal,0–30,fu_avi,0.0
C1_cojutti,T6_lognormal,31–60,fu_avi,0.0
C1_cojutti,T6_lognormal,61–90,fu_avi,0.0
C1_cojutti,T6_lognormal,91–120,fu_avi,0.0
C1_cojutti,T6_lognormal,121–150,fu_avi,0.0
C1_cojutti,T7_coleman_evidence,0–30,rho,0.0
C1_cojutti,T7_coleman_evidence,31–60,rho,0.002
C1_cojutti,T7_coleman_evidence,61–90,rho,0.0
C1_cojutti,T7_coleman_evidence,91–120,rho,0.0
C1_cojutti,T7_coleman_evidence,121–150,rho,0.0
C1_cojutti,T7_coleman_evidence,0–30,target,0.0
C1_cojutti,T7_coleman_evidence,31–60,target,0.0
C1_cojutti,T7_coleman_evidence,61–90,target,0.0
C1_cojutti,T7_coleman_evidence,91–120,target,0.0
C1_cojutti,T7_coleman_evidence,121–150,target,0.0
C1_cojutti,T7_coleman_evidence,0–30,cl0_avi,0.0
C1_cojutti,T7_coleman_evidence,31–60,cl0_avi,0.0
C1_cojutti,T7_coleman_evidence,61–90,cl0_avi,0.0
C1_cojutti,T7_coleman_evidence,91–120,cl0_avi,0.0
C1_cojutti,T7_coleman_evidence,121–150,cl0_avi,0.0
C1_cojutti,T7_coleman_evidence,0–30,omega_avi,0.0
C1_cojutti,T7_coleman_evidence,31–60,omega_avi,0.0
C1_cojutti,T7_coleman_evidence,61–90,omega_avi,0.0
C1_cojutti,T7_coleman_evidence,91–120,omega_avi,0.0
C1_cojutti,T7_coleman_evidence,121–150,omega_avi,0.0
C1_cojutti,T7_coleman_evidence,0–30,cl0_caz,0.0
C1_cojutti,T7_coleman_evidence,31–60,cl0_caz,0.261
C1_cojutti,T7_coleman_evidence,61–90,cl0_caz,0.0
C1_cojutti,T7_coleman_evidence,91–120,cl0_caz,0.0
C1_cojutti,T7_coleman_evidence,121–150,cl0_caz,0.0
C1_cojutti,T7_coleman_evidence,0–30,fu_avi,0.0
C1_cojutti,T7_coleman_evidence,31–60,fu_avi,0.0
C1_cojutti,T7_coleman_evidence,61–90,fu_avi,0.0
C1_cojutti,T7_coleman_evidence,91–120,fu_avi,0.0
C1_cojutti,T7_coleman_evidence,121–150,fu_avi,0.0
C2_model1,T1_point_1,0–30,rho,0.0
C2_model1,T1_point_1,31–60,rho,0.0
C2_model1,T1_point_1,61–90,rho,0.0
C2_model1,T1_point_1,91–120,rho,0.0
C2_model1,T1_point_1,121–150,rho,0.0
C2_model1,T1_point_1,0–30,cl0_avi,0.0
C2_model1,T1_point_1,31–60,cl0_avi,0.0
C2_model1,T1_point_1,61–90,cl0_avi,0.0
C2_model1,T1_point_1,91–120,cl0_avi,0.0
C2_model1,T1_point_1,121–150,cl0_avi,0.0
C2_model1,T1_point_1,0–30,omega_avi,0.0
C2_model1,T1_point_1,31–60,omega_avi,0.001
C2_model1,T1_point_1,61–90,omega_avi,0.0
C2_model1,T1_point_1,91–120,omega_avi,0.0
C2_model1,T1_point_1,121–150,omega_avi,0.0
C2_model1,T1_point_1,0–30,cl0_caz,0.0
C2_model1,T1_point_1,31–60,cl0_caz,0.023
C2_model1,T1_point_1,61–90,cl0_caz,0.0
C2_model1,T1_point_1,91–120,cl0_caz,0.0
C2_model1,T1_point_1,121–150,cl0_caz,0.0
C2_model1,T1_point_1,0–30,fu_avi,0.0
C2_model1,T1_point_1,31–60,fu_avi,0.0
C2_model1,T1_point_1,61–90,fu_avi,0.0
C2_model1,T1_point_1,91–120,fu_avi,0.0
C2_model1,T1_point_1,121–150,fu_avi,0.0
C2_model1,T2_point_4,0–30,rho,0.0
C2_model1,T2_point_4,31–60,rho,0.0
C2_model1,T2_point_4,61–90,rho,0.0
C2_model1,T2_point_4,91–120,rho,0.0
C2_model1,T2_point_4,121–150,rho,0.0
C2_model1,T2_point_4,0–30,cl0_avi,0.0
C2_model1,T2_point_4,31–60,cl0_avi,0.0
C2_model1,T2_point_4,61–90,cl0_avi,0.0
C2_model1,T2_point_4,91–120,cl0_avi,0.001
C2_model1,T2_point_4,121–150,cl0_avi,0.0
C2_model1,T2_point_4,0–30,omega_avi,0.0
C2_model1,T2_point_4,31–60,omega_avi,0.012
C2_model1,T2_point_4,61–90,omega_avi,0.0
C2_model1,T2_point_4,91–120,omega_avi,0.029
C2_model1,T2_point_4,121–150,omega_avi,0.0
C2_model1,T2_point_4,0–30,cl0_caz,0.0
C2_model1,T2_point_4,31–60,cl0_caz,0.0
C2_model1,T2_point_4,61–90,cl0_caz,0.0
C2_model1,T2_point_4,91–120,cl0_caz,0.0
C2_model1,T2_point_4,121–150,cl0_caz,0.0
C2_model1,T2_point_4,0–30,fu_avi,0.0
C2_model1,T2_point_4,31–60,fu_avi,0.0
C2_model1,T2_point_4,61–90,fu_avi,0.0
C2_model1,T2_point_4,91–120,fu_avi,0.0
C2_model1,T2_point_4,121–150,fu_avi,0.0
C2_model1,T3_discrete,0–30,rho,0.015
C2_model1,T3_discrete,31–60,rho,0.0
C2_model1,T3_discrete,61–90,rho,0.027
C2_model1,T3_discrete,91–120,rho,0.0
C2_model1,T3_discrete,121–150,rho,0.0
C2_model1,T3_discrete,0–30,target,1.903
C2_model1,T3_discrete,31–60,target,1.242
C2_model1,T3_discrete,61–90,target,2.548
C2_model1,T3_discrete,91–120,target,1.04
C2_model1,T3_discrete,121–150,target,0.0
C2_model1,T3_discrete,0–30,cl0_avi,0.089
C2_model1,T3_discrete,31–60,cl0_avi,0.003
C2_model1,T3_discrete,61–90,cl0_avi,0.04
C2_model1,T3_discrete,91–120,cl0_avi,0.003
C2_model1,T3_discrete,121–150,cl0_avi,0.0
C2_model1,T3_discrete,0–30,omega_avi,0.016
C2_model1,T3_discrete,31–60,omega_avi,0.001
C2_model1,T3_discrete,61–90,omega_avi,0.02
C2_model1,T3_discrete,91–120,omega_avi,0.0
C2_model1,T3_discrete,121–150,omega_avi,0.0
C2_model1,T3_discrete,0–30,cl0_caz,0.192
C2_model1,T3_discrete,31–60,cl0_caz,0.019
C2_model1,T3_discrete,61–90,cl0_caz,0.262
C2_model1,T3_discrete,91–120,cl0_caz,0.0
C2_model1,T3_discrete,121–150,cl0_caz,0.0
C2_model1,T3_discrete,0–30,fu_avi,0.05
C2_model1,T3_discrete,31–60,fu_avi,0.0
C2_model1,T3_discrete,61–90,fu_avi,0.011
C2_model1,T3_discrete,91–120,fu_avi,0.0
C2_model1,T3_discrete,121–150,fu_avi,0.0
C2_model1,T4_uniform,0–30,rho,0.002
C2_model1,T4_uniform,31–60,rho,0.0
C2_model1,T4_uniform,61–90,rho,0.049
C2_model1,T4_uniform,91–120,rho,0.0
C2_model1,T4_uniform,121–150,rho,0.0
C2_model1,T4_uniform,0–30,target,1.05
C2_model1,T4_uniform,31–60,target,0.465
C2_model1,T4_uniform,61–90,target,1.526
C2_model1,T4_uniform,91–120,target,0.279
C2_model1,T4_uniform,121–150,target,0.0
C2_model1,T4_uniform,0–30,cl0_avi,0.061
C2_model1,T4_uniform,31–60,cl0_avi,0.006
C2_model1,T4_uniform,61–90,cl0_avi,0.138
C2_model1,T4_uniform,91–120,cl0_avi,0.001
C2_model1,T4_uniform,121–150,cl0_avi,0.0
C2_model1,T4_uniform,0–30,omega_avi,0.039
C2_model1,T4_uniform,31–60,omega_avi,0.001
C2_model1,T4_uniform,61–90,omega_avi,0.352
C2_model1,T4_uniform,91–120,omega_avi,0.0
C2_model1,T4_uniform,121–150,omega_avi,0.0
C2_model1,T4_uniform,0–30,cl0_caz,0.123
C2_model1,T4_uniform,31–60,cl0_caz,0.033
C2_model1,T4_uniform,61–90,cl0_caz,0.328
C2_model1,T4_uniform,91–120,cl0_caz,0.005
C2_model1,T4_uniform,121–150,cl0_caz,0.0
C2_model1,T4_uniform,0–30,fu_avi,0.003
C2_model1,T4_uniform,31–60,fu_avi,0.0
C2_model1,T4_uniform,61–90,fu_avi,0.185
C2_model1,T4_uniform,91–120,fu_avi,0.0
C2_model1,T4_uniform,121–150,fu_avi,0.0
C2_model1,T5_triangular,0–30,rho,0.0
C2_model1,T5_triangular,31–60,rho,0.0
C2_model1,T5_triangular,61–90,rho,0.0
C2_model1,T5_triangular,91–120,rho,0.0
C2_model1,T5_triangular,121–150,rho,0.0
C2_model1,T5_triangular,0–30,target,0.452
C2_model1,T5_triangular,31–60,target,0.097
C2_model1,T5_triangular,61–90,target,0.432
C2_model1,T5_triangular,91–120,target,0.041
C2_model1,T5_triangular,121–150,target,0.0
C2_model1,T5_triangular,0–30,cl0_avi,0.004
C2_model1,T5_triangular,31–60,cl0_avi,0.0
C2_model1,T5_triangular,61–90,cl0_avi,0.001
C2_model1,T5_triangular,91–120,cl0_avi,0.0
C2_model1,T5_triangular,121–150,cl0_avi,0.0
C2_model1,T5_triangular,0–30,omega_avi,0.0
C2_model1,T5_triangular,31–60,omega_avi,0.0
C2_model1,T5_triangular,61–90,omega_avi,0.0
C2_model1,T5_triangular,91–120,omega_avi,0.0
C2_model1,T5_triangular,121–150,omega_avi,0.0
C2_model1,T5_triangular,0–30,cl0_caz,0.03
C2_model1,T5_triangular,31–60,cl0_caz,0.005
C2_model1,T5_triangular,61–90,cl0_caz,0.018
C2_model1,T5_triangular,91–120,cl0_caz,0.0
C2_model1,T5_triangular,121–150,cl0_caz,0.0
C2_model1,T5_triangular,0–30,fu_avi,0.0
C2_model1,T5_triangular,31–60,fu_avi,0.0
C2_model1,T5_triangular,61–90,fu_avi,0.0
C2_model1,T5_triangular,91–120,fu_avi,0.0
C2_model1,T5_triangular,121–150,fu_avi,0.0
C2_model1,T6_lognormal,0–30,rho,0.0
C2_model1,T6_lognormal,31–60,rho,0.0
C2_model1,T6_lognormal,61–90,rho,0.0
C2_model1,T6_lognormal,91–120,rho,0.0
C2_model1,T6_lognormal,121–150,rho,0.0
C2_model1,T6_lognormal,0–30,target,0.687
C2_model1,T6_lognormal,31–60,target,0.57
C2_model1,T6_lognormal,61–90,target,0.952
C2_model1,T6_lognormal,91–120,target,0.433
C2_model1,T6_lognormal,121–150,target,0.0
C2_model1,T6_lognormal,0–30,cl0_avi,0.0
C2_model1,T6_lognormal,31–60,cl0_avi,0.0
C2_model1,T6_lognormal,61–90,cl0_avi,0.0
C2_model1,T6_lognormal,91–120,cl0_avi,0.0
C2_model1,T6_lognormal,121–150,cl0_avi,0.0
C2_model1,T6_lognormal,0–30,omega_avi,0.0
C2_model1,T6_lognormal,31–60,omega_avi,0.001
C2_model1,T6_lognormal,61–90,omega_avi,0.0
C2_model1,T6_lognormal,91–120,omega_avi,0.0
C2_model1,T6_lognormal,121–150,omega_avi,0.0
C2_model1,T6_lognormal,0–30,cl0_caz,0.002
C2_model1,T6_lognormal,31–60,cl0_caz,0.001
C2_model1,T6_lognormal,61–90,cl0_caz,0.002
C2_model1,T6_lognormal,91–120,cl0_caz,0.0
C2_model1,T6_lognormal,121–150,cl0_caz,0.0
C2_model1,T6_lognormal,0–30,fu_avi,0.0
C2_model1,T6_lognormal,31–60,fu_avi,0.0
C2_model1,T6_lognormal,61–90,fu_avi,0.0
C2_model1,T6_lognormal,91–120,fu_avi,0.0
C2_model1,T6_lognormal,121–150,fu_avi,0.0
C2_model1,T7_coleman_evidence,0–30,rho,0.0
C2_model1,T7_coleman_evidence,31–60,rho,0.002
C2_model1,T7_coleman_evidence,61–90,rho,0.0
C2_model1,T7_coleman_evidence,91–120,rho,0.0
C2_model1,T7_coleman_evidence,121–150,rho,0.0
C2_model1,T7_coleman_evidence,0–30,target,0.0
C2_model1,T7_coleman_evidence,31–60,target,0.0
C2_model1,T7_coleman_evidence,61–90,target,0.0
C2_model1,T7_coleman_evidence,91–120,target,0.0
C2_model1,T7_coleman_evidence,121–150,target,0.0
C2_model1,T7_coleman_evidence,0–30,cl0_avi,0.0
C2_model1,T7_coleman_evidence,31–60,cl0_avi,0.0
C2_model1,T7_coleman_evidence,61–90,cl0_avi,0.0
C2_model1,T7_coleman_evidence,91–120,cl0_avi,0.0
C2_model1,T7_coleman_evidence,121–150,cl0_avi,0.0
C2_model1,T7_coleman_evidence,0–30,omega_avi,0.0
C2_model1,T7_coleman_evidence,31–60,omega_avi,0.0
C2_model1,T7_coleman_evidence,61–90,omega_avi,0.0
C2_model1,T7_coleman_evidence,91–120,omega_avi,0.0
C2_model1,T7_coleman_evidence,121–150,omega_avi,0.0
C2_model1,T7_coleman_evidence,0–30,cl0_caz,0.0
C2_model1,T7_coleman_evidence,31–60,cl0_caz,0.258
C2_model1,T7_coleman_evidence,61–90,cl0_caz,0.0
C2_model1,T7_coleman_evidence,91–120,cl0_caz,0.0
C2_model1,T7_coleman_evidence,121–150,cl0_caz,0.0
C2_model1,T7_coleman_evidence,0–30,fu_avi,0.0
C2_model1,T7_coleman_evidence,31–60,fu_avi,0.0
C2_model1,T7_coleman_evidence,61–90,fu_avi,0.0
C2_model1,T7_coleman_evidence,91–120,fu_avi,0.0
C2_model1,T7_coleman_evidence,121–150,fu_avi,0.0
C3_agnostic,T1_point_1,0–30,rho,0.0
C3_agnostic,T1_point_1,31–60,rho,0.0
C3_agnostic,T1_point_1,61–90,rho,0.0
C3_agnostic,T1_point_1,91–120,rho,0.0
C3_agnostic,T1_point_1,121–150,rho,0.0
C3_agnostic,T1_point_1,0–30,cl0_avi,0.0
C3_agnostic,T1_point_1,31–60,cl0_avi,0.0
C3_agnostic,T1_point_1,61–90,cl0_avi,0.0
C3_agnostic,T1_point_1,91–120,cl0_avi,0.0
C3_agnostic,T1_point_1,121–150,cl0_avi,0.0
C3_agnostic,T1_point_1,0–30,omega_avi,0.0
C3_agnostic,T1_point_1,31–60,omega_avi,0.0
C3_agnostic,T1_point_1,61–90,omega_avi,0.0
C3_agnostic,T1_point_1,91–120,omega_avi,0.0
C3_agnostic,T1_point_1,121–150,omega_avi,0.0
C3_agnostic,T1_point_1,0–30,cl0_caz,0.0
C3_agnostic,T1_point_1,31–60,cl0_caz,0.026
C3_agnostic,T1_point_1,61–90,cl0_caz,0.0
C3_agnostic,T1_point_1,91–120,cl0_caz,0.0
C3_agnostic,T1_point_1,121–150,cl0_caz,0.0
C3_agnostic,T1_point_1,0–30,fu_avi,0.0
C3_agnostic,T1_point_1,31–60,fu_avi,0.0
C3_agnostic,T1_point_1,61–90,fu_avi,0.0
C3_agnostic,T1_point_1,91–120,fu_avi,0.0
C3_agnostic,T1_point_1,121–150,fu_avi,0.0
C3_agnostic,T2_point_4,0–30,rho,0.0
C3_agnostic,T2_point_4,31–60,rho,0.0
C3_agnostic,T2_point_4,61–90,rho,0.0
C3_agnostic,T2_point_4,91–120,rho,0.0
C3_agnostic,T2_point_4,121–150,rho,0.0
C3_agnostic,T2_point_4,0–30,cl0_avi,0.0
C3_agnostic,T2_point_4,31–60,cl0_avi,0.0
C3_agnostic,T2_point_4,61–90,cl0_avi,0.0
C3_agnostic,T2_point_4,91–120,cl0_avi,0.0
C3_agnostic,T2_point_4,121–150,cl0_avi,0.0
C3_agnostic,T2_point_4,0–30,omega_avi,0.0
C3_agnostic,T2_point_4,31–60,omega_avi,0.002
C3_agnostic,T2_point_4,61–90,omega_avi,0.001
C3_agnostic,T2_point_4,91–120,omega_avi,0.006
C3_agnostic,T2_point_4,121–150,omega_avi,0.0
C3_agnostic,T2_point_4,0–30,cl0_caz,0.0
C3_agnostic,T2_point_4,31–60,cl0_caz,0.0
C3_agnostic,T2_point_4,61–90,cl0_caz,0.0
C3_agnostic,T2_point_4,91–120,cl0_caz,0.002
C3_agnostic,T2_point_4,121–150,cl0_caz,0.0
C3_agnostic,T2_point_4,0–30,fu_avi,0.0
C3_agnostic,T2_point_4,31–60,fu_avi,0.0
C3_agnostic,T2_point_4,61–90,fu_avi,0.0
C3_agnostic,T2_point_4,91–120,fu_avi,0.0
C3_agnostic,T2_point_4,121–150,fu_avi,0.0
C3_agnostic,T3_discrete,0–30,rho,0.026
C3_agnostic,T3_discrete,31–60,rho,0.0
C3_agnostic,T3_discrete,61–90,rho,0.0
C3_agnostic,T3_discrete,91–120,rho,0.0
C3_agnostic,T3_discrete,121–150,rho,0.0
C3_agnostic,T3_discrete,0–30,target,1.994
C3_agnostic,T3_discrete,31–60,target,1.27
C3_agnostic,T3_discrete,61–90,target,2.625
C3_agnostic,T3_discrete,91–120,target,1.062
C3_agnostic,T3_discrete,121–150,target,0.0
C3_agnostic,T3_discrete,0–30,cl0_avi,0.142
C3_agnostic,T3_discrete,31–60,cl0_avi,0.026
C3_agnostic,T3_discrete,61–90,cl0_avi,0.122
C3_agnostic,T3_discrete,91–120,cl0_avi,0.012
C3_agnostic,T3_discrete,121–150,cl0_avi,0.0
C3_agnostic,T3_discrete,0–30,omega_avi,0.01
C3_agnostic,T3_discrete,31–60,omega_avi,0.002
C3_agnostic,T3_discrete,61–90,omega_avi,0.005
C3_agnostic,T3_discrete,91–120,omega_avi,0.001
C3_agnostic,T3_discrete,121–150,omega_avi,0.0
C3_agnostic,T3_discrete,0–30,cl0_caz,0.315
C3_agnostic,T3_discrete,31–60,cl0_caz,0.034
C3_agnostic,T3_discrete,61–90,cl0_caz,0.314
C3_agnostic,T3_discrete,91–120,cl0_caz,0.006
C3_agnostic,T3_discrete,121–150,cl0_caz,0.0
C3_agnostic,T3_discrete,0–30,fu_avi,0.017
C3_agnostic,T3_discrete,31–60,fu_avi,0.0
C3_agnostic,T3_discrete,61–90,fu_avi,0.0
C3_agnostic,T3_discrete,91–120,fu_avi,0.0
C3_agnostic,T3_discrete,121–150,fu_avi,0.0
C3_agnostic,T4_uniform,0–30,rho,0.0
C3_agnostic,T4_uniform,31–60,rho,0.0
C3_agnostic,T4_uniform,61–90,rho,0.096
C3_agnostic,T4_uniform,91–120,rho,0.0
C3_agnostic,T4_uniform,121–150,rho,0.0
C3_agnostic,T4_uniform,0–30,target,1.0
C3_agnostic,T4_uniform,31–60,target,0.546
C3_agnostic,T4_uniform,61–90,target,1.629
C3_agnostic,T4_uniform,91–120,target,0.331
C3_agnostic,T4_uniform,121–150,target,0.0
C3_agnostic,T4_uniform,0–30,cl0_avi,0.027
C3_agnostic,T4_uniform,31–60,cl0_avi,0.005
C3_agnostic,T4_uniform,61–90,cl0_avi,0.209
C3_agnostic,T4_uniform,91–120,cl0_avi,0.001
C3_agnostic,T4_uniform,121–150,cl0_avi,0.0
C3_agnostic,T4_uniform,0–30,omega_avi,0.003
C3_agnostic,T4_uniform,31–60,omega_avi,0.015
C3_agnostic,T4_uniform,61–90,omega_avi,0.451
C3_agnostic,T4_uniform,91–120,omega_avi,0.0
C3_agnostic,T4_uniform,121–150,omega_avi,0.0
C3_agnostic,T4_uniform,0–30,cl0_caz,0.122
C3_agnostic,T4_uniform,31–60,cl0_caz,0.069
C3_agnostic,T4_uniform,61–90,cl0_caz,0.461
C3_agnostic,T4_uniform,91–120,cl0_caz,0.0
C3_agnostic,T4_uniform,121–150,cl0_caz,0.0
C3_agnostic,T4_uniform,0–30,fu_avi,0.0
C3_agnostic,T4_uniform,31–60,fu_avi,0.0
C3_agnostic,T4_uniform,61–90,fu_avi,0.094
C3_agnostic,T4_uniform,91–120,fu_avi,0.0
C3_agnostic,T4_uniform,121–150,fu_avi,0.0
C3_agnostic,T5_triangular,0–30,rho,0.0
C3_agnostic,T5_triangular,31–60,rho,0.0
C3_agnostic,T5_triangular,61–90,rho,0.0
C3_agnostic,T5_triangular,91–120,rho,0.0
C3_agnostic,T5_triangular,121–150,rho,0.0
C3_agnostic,T5_triangular,0–30,target,0.535
C3_agnostic,T5_triangular,31–60,target,0.106
C3_agnostic,T5_triangular,61–90,target,0.52
C3_agnostic,T5_triangular,91–120,target,0.049
C3_agnostic,T5_triangular,121–150,target,0.0
C3_agnostic,T5_triangular,0–30,cl0_avi,0.002
C3_agnostic,T5_triangular,31–60,cl0_avi,0.0
C3_agnostic,T5_triangular,61–90,cl0_avi,0.0
C3_agnostic,T5_triangular,91–120,cl0_avi,0.0
C3_agnostic,T5_triangular,121–150,cl0_avi,0.0
C3_agnostic,T5_triangular,0–30,omega_avi,0.0
C3_agnostic,T5_triangular,31–60,omega_avi,0.0
C3_agnostic,T5_triangular,61–90,omega_avi,0.007
C3_agnostic,T5_triangular,91–120,omega_avi,0.0
C3_agnostic,T5_triangular,121–150,omega_avi,0.0
C3_agnostic,T5_triangular,0–30,cl0_caz,0.048
C3_agnostic,T5_triangular,31–60,cl0_caz,0.002
C3_agnostic,T5_triangular,61–90,cl0_caz,0.024
C3_agnostic,T5_triangular,91–120,cl0_caz,0.0
C3_agnostic,T5_triangular,121–150,cl0_caz,0.0
C3_agnostic,T5_triangular,0–30,fu_avi,0.0
C3_agnostic,T5_triangular,31–60,fu_avi,0.0
C3_agnostic,T5_triangular,61–90,fu_avi,0.0
C3_agnostic,T5_triangular,91–120,fu_avi,0.0
C3_agnostic,T5_triangular,121–150,fu_avi,0.0
C3_agnostic,T6_lognormal,0–30,rho,0.0
C3_agnostic,T6_lognormal,31–60,rho,0.0
C3_agnostic,T6_lognormal,61–90,rho,0.0
C3_agnostic,T6_lognormal,91–120,rho,0.0
C3_agnostic,T6_lognormal,121–150,rho,0.0
C3_agnostic,T6_lognormal,0–30,target,0.609
C3_agnostic,T6_lognormal,31–60,target,0.412
C3_agnostic,T6_lognormal,61–90,target,0.863
C3_agnostic,T6_lognormal,91–120,target,0.38
C3_agnostic,T6_lognormal,121–150,target,0.0
C3_agnostic,T6_lognormal,0–30,cl0_avi,0.0
C3_agnostic,T6_lognormal,31–60,cl0_avi,0.0
C3_agnostic,T6_lognormal,61–90,cl0_avi,0.001
C3_agnostic,T6_lognormal,91–120,cl0_avi,0.0
C3_agnostic,T6_lognormal,121–150,cl0_avi,0.0
C3_agnostic,T6_lognormal,0–30,omega_avi,0.0
C3_agnostic,T6_lognormal,31–60,omega_avi,0.001
C3_agnostic,T6_lognormal,61–90,omega_avi,0.0
C3_agnostic,T6_lognormal,91–120,omega_avi,0.0
C3_agnostic,T6_lognormal,121–150,omega_avi,0.0
C3_agnostic,T6_lognormal,0–30,cl0_caz,0.003
C3_agnostic,T6_lognormal,31–60,cl0_caz,0.004
C3_agnostic,T6_lognormal,61–90,cl0_caz,0.002
C3_agnostic,T6_lognormal,91–120,cl0_caz,0.0
C3_agnostic,T6_lognormal,121–150,cl0_caz,0.0
C3_agnostic,T6_lognormal,0–30,fu_avi,0.0
C3_agnostic,T6_lognormal,31–60,fu_avi,0.0
C3_agnostic,T6_lognormal,61–90,fu_avi,0.0
C3_agnostic,T6_lognormal,91–120,fu_avi,0.0
C3_agnostic,T6_lognormal,121–150,fu_avi,0.0
C3_agnostic,T7_coleman_evidence,0–30,rho,0.0
C3_agnostic,T7_coleman_evidence,31–60,rho,0.0
C3_agnostic,T7_coleman_evidence,61–90,rho,0.0
C3_agnostic,T7_coleman_evidence,91–120,rho,0.0
C3_agnostic,T7_coleman_evidence,121–150,rho,0.0
C3_agnostic,T7_coleman_evidence,0–30,target,0.0
C3_agnostic,T7_coleman_evidence,31–60,target,0.0
C3_agnostic,T7_coleman_evidence,61–90,target,0.0
C3_agnostic,T7_coleman_evidence,91–120,target,0.0
C3_agnostic,T7_coleman_evidence,121–150,target,0.0
C3_agnostic,T7_coleman_evidence,0–30,cl0_avi,0.0
C3_agnostic,T7_coleman_evidence,31–60,cl0_avi,0.0
C3_agnostic,T7_coleman_evidence,61–90,cl0_avi,0.0
C3_agnostic,T7_coleman_evidence,91–120,cl0_avi,0.0
C3_agnostic,T7_coleman_evidence,121–150,cl0_avi,0.0
C3_agnostic,T7_coleman_evidence,0–30,omega_avi,0.0
C3_agnostic,T7_coleman_evidence,31–60,omega_avi,0.0
C3_agnostic,T7_coleman_evidence,61–90,omega_avi,0.0
C3_agnostic,T7_coleman_evidence,91–120,omega_avi,0.0
C3_agnostic,T7_coleman_evidence,121–150,omega_avi,0.0
C3_agnostic,T7_coleman_evidence,0–30,cl0_caz,0.0
C3_agnostic,T7_coleman_evidence,31–60,cl0_caz,0.251
C3_agnostic,T7_coleman_evidence,61–90,cl0_caz,0.001
C3_agnostic,T7_coleman_evidence,91–120,cl0_caz,0.0
C3_agnostic,T7_coleman_evidence,121–150,cl0_caz,0.0
C3_agnostic,T7_coleman_evidence,0–30,fu_avi,0.0
C3_agnostic,T7_coleman_evidence,31–60,fu_avi,0.0
C3_agnostic,T7_coleman_evidence,61–90,fu_avi,0.0
C3_agnostic,T7_coleman_evidence,91–120,fu_avi,0.0
C3_agnostic,T7_coleman_evidence,121–150,fu_avi,0.0
